-- MariaDB dump 10.19-11.3.2-MariaDB, for Win64 (AMD64)
--
-- Host: localhost    Database: cooking_competition
-- ------------------------------------------------------
-- Server version	11.3.2-MariaDB

/*!40101 SET @OLD_CHARACTER_SET_CLIENT=@@CHARACTER_SET_CLIENT */;
/*!40101 SET @OLD_CHARACTER_SET_RESULTS=@@CHARACTER_SET_RESULTS */;
/*!40101 SET @OLD_COLLATION_CONNECTION=@@COLLATION_CONNECTION */;
/*!40101 SET NAMES utf8mb4 */;
/*!40103 SET @OLD_TIME_ZONE=@@TIME_ZONE */;
/*!40103 SET TIME_ZONE='+00:00' */;
/*!40014 SET @OLD_UNIQUE_CHECKS=@@UNIQUE_CHECKS, UNIQUE_CHECKS=0 */;
/*!40014 SET @OLD_FOREIGN_KEY_CHECKS=@@FOREIGN_KEY_CHECKS, FOREIGN_KEY_CHECKS=0 */;
/*!40101 SET @OLD_SQL_MODE=@@SQL_MODE, SQL_MODE='NO_AUTO_VALUE_ON_ZERO' */;
/*!40111 SET @OLD_SQL_NOTES=@@SQL_NOTES, SQL_NOTES=0 */;

--
-- Temporary table structure for view `cook_x_national_cuisines`
--

DROP TABLE IF EXISTS `cook_x_national_cuisines`;
/*!50001 DROP VIEW IF EXISTS `cook_x_national_cuisines`*/;
SET @saved_cs_client     = @@character_set_client;
SET character_set_client = utf8;
/*!50001 CREATE VIEW `cook_x_national_cuisines` AS SELECT
 1 AS `contact_number`,
  1 AS `first_name`,
  1 AS `last_name`,
  1 AS `national_cuisine` */;
SET character_set_client = @saved_cs_client;

--
-- Table structure for table `cooks`
--

DROP TABLE IF EXISTS `cooks`;
/*!40101 SET @saved_cs_client     = @@character_set_client */;
/*!40101 SET character_set_client = utf8 */;
CREATE TABLE `cooks` (
  `contact_number` varchar(20) NOT NULL,
  `first_name` varchar(20) NOT NULL,
  `last_name` varchar(20) NOT NULL,
  `age` int(11) DEFAULT NULL,
  `birth_date` date NOT NULL,
  `years_of_experience` int(11) NOT NULL,
  `vocational_training` varchar(25) NOT NULL,
  PRIMARY KEY (`contact_number`)
) ENGINE=InnoDB DEFAULT CHARSET=latin1 COLLATE=latin1_swedish_ci;
/*!40101 SET character_set_client = @saved_cs_client */;

--
-- Dumping data for table `cooks`
--

LOCK TABLES `cooks` WRITE;
/*!40000 ALTER TABLE `cooks` DISABLE KEYS */;
INSERT INTO `cooks` VALUES
('6098329128','Yukiko','Amagi',36,'1988-10-18',10,'Chef'),
('6574568300','Elena','Johnson',35,'1989-08-20',5,'A\' Cook'),
('6729103481','Giovanna','Conte',46,'1978-09-08',34,'B\' Cook'),
('6754332862','Junpei','Iori',39,'1985-03-23',20,'A\' Cook'),
('6778912294','Alessandro','Rossi',46,'1978-09-08',20,'C\' Cook'),
('6781122334','Yusuke','Kitagawa',38,'1986-09-22',13,'B\' Cook'),
('6783345672','Pamela','Isley',34,'1990-05-19',15,'C\' Cook'),
('6783618927','Makoto','Niijima',28,'1996-11-12',9,'Chef\'s Assistant'),
('6784291019','Matteo','Marini',39,'1985-05-25',17,'Chef'),
('6785534550','Heidi','Klum',50,'1974-06-01',30,'Chef'),
('6788980024','Yukari','Takeba',41,'1983-02-09',6,'B\' Cook'),
('6789002001','Gisele','Bundchen',41,'1983-07-20',4,'Chef\'s Assistant'),
('6789002343','Selina','Kyle',47,'1977-07-22',25,'Chef'),
('6789008567','Rosie','Mulligan',38,'1986-09-22',13,'B\' Cook'),
('6789201727','Ann','Takamaki',45,'1979-08-04',23,'A\' Cook'),
('6789429391','Futaba','Sakura',60,'1964-03-15',35,'Chef'),
('6874326800','Talia','Ghul',30,'1994-08-03',15,'B\' Cook'),
('6879000236','Margot','Robbie',29,'1995-12-25',10,'A\' Cook'),
('6899099653','Mitsuru','Kirijo',42,'1982-04-05',19,'Chef\'s Assistant'),
('6900887525','Tiffany','Fox',27,'1997-01-05',2,'B\' Cook'),
('6942312886','Marco','Conti',39,'1985-05-25',6,'Chef'),
('6962217839','Sofia','Romano',35,'1989-08-20',18,'A\' Cook'),
('6965342879','Barbara','Gordon',41,'1983-03-27',25,'Chef\'s Assistant'),
('6965443776','Chiara','Ricci',43,'1981-10-07',12,'Chef\'s Assistant'),
('6970010020','Ava','Max',44,'1980-12-10',28,'Chef'),
('6970021005','Scarlett','Johansson',39,'1985-11-22',20,'Chef'),
('6970031388','Alice','Leone',43,'1981-10-07',13,'Chef\'s Assistant'),
('6971010610','Ben','Tennyson',10,'2014-07-02',2,'C\' Cook'),
('6971813344','Donna','Sheridan',45,'1979-08-04',23,'A\' Cook'),
('6971817733','Sophia','Brown',43,'1981-10-07',12,'Chef\'s Assistant'),
('6972318363','Naoto','Shirogane',40,'1984-06-08',19,'Chef'),
('6975423244','Ren','Amamiya',35,'1989-05-01',10,'Chef'),
('6975436653','Emma','Clark',43,'1981-10-07',6,'Chef\'s Assistant'),
('6975654109','Ryuji','Sakamoto',42,'1982-07-07',15,'Chef\'s Assistant'),
('6975667744','Alexandra','Davis',46,'1978-09-08',7,'B\' Cook'),
('6978181268','Sam','Carmichael',42,'1982-07-07',15,'Chef\'s Assistant'),
('6978324665','Lorenzo','Galli',39,'1985-05-25',26,'Chef'),
('6978654344','Michael','Smith',46,'1978-09-08',12,'C\' Cook'),
('6978806412','Nikos','Papadopoulos',35,'1989-08-20',13,'A\' Cook'),
('6980021023','Martina','Ferrari',35,'1989-08-20',5,'A\' Cook'),
('6980045221','Giorgio','Rossi',39,'1985-05-25',12,'Chef'),
('6980055436','Isabella','Martinez',35,'1989-08-20',16,'A\' Cook'),
('6981237889','Akihiko','Sanada',43,'1981-06-20',20,'Chef'),
('6981278204','Elizabeth','Arkham',31,'1993-09-01',14,'Chef\'s Assistant'),
('6981390033','Harleen','Quinnzel',37,'1987-11-26',23,'A\' Cook'),
('6983244591','Shinjiro','Aragaki',77,'1947-01-23',37,'C\' Cook'),
('6983428772','Sophie','Sheridan',32,'1992-02-28',6,'C\' Cook'),
('6985543567','Valentina','Rossi',46,'1978-09-08',28,'C\' Cook'),
('6988723891','Tanya','Chesham-Leigh',60,'1964-03-15',35,'Chef'),
('6988821375','Haru','Okumura',32,'1992-02-28',6,'C\' Cook'),
('6989932400','Charlize','Theron',47,'1977-08-07',22,'A\' Cook'),
('6992178391','Chie','Satonaka',39,'1985-02-14',14,'C\' Cook'),
('6992634810','Rise','Kujikawa',33,'1991-04-30',4,'B\' Cook');
/*!40000 ALTER TABLE `cooks` ENABLE KEYS */;
UNLOCK TABLES;

--
-- Table structure for table `episodes`
--

DROP TABLE IF EXISTS `episodes`;
/*!40101 SET @saved_cs_client     = @@character_set_client */;
/*!40101 SET character_set_client = utf8 */;
CREATE TABLE `episodes` (
  `season` varchar(50) NOT NULL,
  `episode` varchar(50) NOT NULL,
  `judge` varchar(20) NOT NULL,
  `score` varchar(50) NOT NULL,
  `participant` varchar(20) NOT NULL,
  `cuisine` varchar(50) DEFAULT NULL,
  PRIMARY KEY (`season`,`episode`,`participant`,`judge`) USING BTREE,
  KEY `FK_episodesnew_cooks` (`judge`) USING BTREE,
  KEY `FK_episodesnew_cooks_2` (`participant`) USING BTREE,
  CONSTRAINT `FK_episodesnew_cooks` FOREIGN KEY (`judge`) REFERENCES `cooks` (`contact_number`) ON DELETE NO ACTION ON UPDATE NO ACTION,
  CONSTRAINT `FK_episodesnew_cooks_2` FOREIGN KEY (`participant`) REFERENCES `cooks` (`contact_number`) ON DELETE NO ACTION ON UPDATE NO ACTION
) ENGINE=InnoDB DEFAULT CHARSET=latin1 COLLATE=latin1_swedish_ci;
/*!40101 SET character_set_client = @saved_cs_client */;

--
-- Dumping data for table `episodes`
--

LOCK TABLES `episodes` WRITE;
/*!40000 ALTER TABLE `episodes` DISABLE KEYS */;
INSERT INTO `episodes` VALUES
('1','1','6783345672','5','6754332862','Greek'),
('1','1','6970031388','1','6754332862','Greek'),
('1','1','6980055436','1','6754332862','Greek'),
('1','1','6783345672','2','6778912294','Chinese'),
('1','1','6970031388','4','6778912294','Chinese'),
('1','1','6980055436','5','6778912294','Chinese'),
('1','1','6783345672','1','6781122334','Canadian'),
('1','1','6970031388','5','6781122334','Canadian'),
('1','1','6980055436','1','6781122334','Canadian'),
('1','1','6783345672','5','6783345672','Bulgarian'),
('1','1','6970031388','4','6783345672','Bulgarian'),
('1','1','6980055436','2','6783345672','Bulgarian'),
('1','1','6783345672','3','6783618927','Thai'),
('1','1','6970031388','1','6783618927','Thai'),
('1','1','6980055436','4','6783618927','Thai'),
('1','1','6783345672','4','6784291019','Icelandic'),
('1','1','6970031388','3','6784291019','Icelandic'),
('1','1','6980055436','5','6784291019','Icelandic'),
('1','1','6783345672','3','6785534550','Turkish'),
('1','1','6970031388','2','6785534550','Turkish'),
('1','1','6980055436','3','6785534550','Turkish'),
('1','1','6783345672','4','6874326800','French'),
('1','1','6970031388','5','6874326800','French'),
('1','1','6980055436','3','6874326800','French'),
('1','1','6783345672','2','6942312886','German'),
('1','1','6970031388','2','6942312886','German'),
('1','1','6980055436','4','6942312886','German'),
('1','1','6783345672','4','6975654109','Finnish'),
('1','1','6970031388','3','6975654109','Finnish'),
('1','1','6980055436','1','6975654109','Finnish'),
('1','10','6942312886','3','6789008567','Danish'),
('1','10','6965443776','3','6789008567','Danish'),
('1','10','6970010020','3','6789008567','Danish'),
('1','10','6942312886','4','6971813344','Italian'),
('1','10','6965443776','4','6971813344','Italian'),
('1','10','6970010020','4','6971813344','Italian'),
('1','10','6942312886','5','6971817733','Danish'),
('1','10','6965443776','5','6971817733','Danish'),
('1','10','6970010020','5','6971817733','Danish'),
('1','10','6942312886','1','6972318363','Chinese'),
('1','10','6965443776','1','6972318363','Chinese'),
('1','10','6970010020','1','6972318363','Chinese'),
('1','10','6942312886','2','6975423244','American'),
('1','10','6965443776','2','6975423244','American'),
('1','10','6970010020','2','6975423244','American'),
('1','10','6942312886','3','6975436653','German'),
('1','10','6965443776','3','6975436653','German'),
('1','10','6970010020','3','6975436653','German'),
('1','10','6942312886','4','6975654109','Finnish'),
('1','10','6965443776','4','6975654109','Finnish'),
('1','10','6970010020','4','6975654109','Finnish'),
('1','10','6942312886','5','6975667744','German'),
('1','10','6965443776','5','6975667744','German'),
('1','10','6970010020','5','6975667744','German'),
('1','10','6942312886','1','6978181268','Greek'),
('1','10','6965443776','1','6978181268','Greek'),
('1','10','6970010020','1','6978181268','Greek'),
('1','10','6942312886','2','6978324665','French'),
('1','10','6965443776','2','6978324665','French'),
('1','10','6970010020','2','6978324665','French'),
('1','2','6781122334','3','6789002343','Mexican'),
('1','2','6783345672','2','6789002343','Mexican'),
('1','2','6785534550','3','6789002343','Mexican'),
('1','2','6781122334','5','6789008567','Danish'),
('1','2','6783345672','3','6789008567','Danish'),
('1','2','6785534550','5','6789008567','Danish'),
('1','2','6781122334','2','6789201727','German'),
('1','2','6783345672','3','6789201727','German'),
('1','2','6785534550','4','6789201727','German'),
('1','2','6781122334','1','6789429391','Russian'),
('1','2','6783345672','1','6789429391','Russian'),
('1','2','6785534550','1','6789429391','Russian'),
('1','2','6781122334','4','6874326800','French'),
('1','2','6783345672','4','6874326800','French'),
('1','2','6785534550','4','6874326800','French'),
('1','2','6781122334','1','6879000236','Norwegian'),
('1','2','6783345672','3','6879000236','Norwegian'),
('1','2','6785534550','2','6879000236','Norwegian'),
('1','2','6781122334','4','6899099653','Indian'),
('1','2','6783345672','5','6899099653','Indian'),
('1','2','6785534550','4','6899099653','Indian'),
('1','2','6781122334','4','6900887525','Greek'),
('1','2','6783345672','4','6900887525','Greek'),
('1','2','6785534550','4','6900887525','Greek'),
('1','2','6781122334','3','6942312886','German'),
('1','2','6783345672','3','6942312886','German'),
('1','2','6785534550','3','6942312886','German'),
('1','2','6781122334','2','6962217839','Thai'),
('1','2','6783345672','2','6962217839','Thai'),
('1','2','6785534550','5','6962217839','Thai'),
('1','3','6900887525','3','6965342879','French'),
('1','3','6942312886','5','6965342879','French'),
('1','3','6962217839','3','6965342879','French'),
('1','3','6900887525','4','6965443776','Chinese'),
('1','3','6942312886','5','6965443776','Chinese'),
('1','3','6962217839','5','6965443776','Chinese'),
('1','3','6900887525','2','6970010020','Turkish'),
('1','3','6942312886','2','6970010020','Turkish'),
('1','3','6962217839','2','6970010020','Turkish'),
('1','3','6900887525','2','6970021005','Canadian'),
('1','3','6942312886','3','6970021005','Canadian'),
('1','3','6962217839','1','6970021005','Canadian'),
('1','3','6900887525','5','6970031388','Greek'),
('1','3','6942312886','4','6970031388','Greek'),
('1','3','6962217839','4','6970031388','Greek'),
('1','3','6900887525','3','6971010610','Italian'),
('1','3','6942312886','1','6971010610','Italian'),
('1','3','6962217839','1','6971010610','Italian'),
('1','3','6900887525','3','6971813344','Mexican'),
('1','3','6942312886','4','6971813344','Mexican'),
('1','3','6962217839','5','6971813344','Mexican'),
('1','3','6900887525','5','6971817733','Norwegian'),
('1','3','6942312886','3','6971817733','Norwegian'),
('1','3','6962217839','4','6971817733','Norwegian'),
('1','3','6900887525','3','6972318363','Swedish'),
('1','3','6942312886','3','6972318363','Swedish'),
('1','3','6962217839','3','6972318363','Swedish'),
('1','3','6900887525','2','6975423244','American'),
('1','3','6942312886','3','6975423244','American'),
('1','3','6962217839','2','6975423244','American'),
('1','4','6971817733','4','6975436653','Indian'),
('1','4','6972318363','3','6975436653','Indian'),
('1','4','6975423244','5','6975436653','Indian'),
('1','4','6971817733','5','6975667744','Russian'),
('1','4','6972318363','5','6975667744','Russian'),
('1','4','6975423244','5','6975667744','Russian'),
('1','4','6971817733','2','6978181268','Thai'),
('1','4','6972318363','2','6978181268','Thai'),
('1','4','6975423244','3','6978181268','Thai'),
('1','4','6971817733','1','6978324665','Italian'),
('1','4','6972318363','2','6978324665','Italian'),
('1','4','6975423244','1','6978324665','Italian'),
('1','4','6971817733','4','6978654344','Norwegian'),
('1','4','6972318363','4','6978654344','Norwegian'),
('1','4','6975423244','4','6978654344','Norwegian'),
('1','4','6971817733','1','6978806412','Chinese'),
('1','4','6972318363','2','6978806412','Chinese'),
('1','4','6975423244','2','6978806412','Chinese'),
('1','4','6971817733','5','6980021023','Turkish'),
('1','4','6972318363','5','6980021023','Turkish'),
('1','4','6975423244','5','6980021023','Turkish'),
('1','4','6971817733','4','6980045221','Bulgarian'),
('1','4','6972318363','2','6980045221','Bulgarian'),
('1','4','6975423244','4','6980045221','Bulgarian'),
('1','4','6971817733','3','6980055436','Mexican'),
('1','4','6972318363','3','6980055436','Mexican'),
('1','4','6975423244','4','6980055436','Mexican'),
('1','4','6971817733','2','6981237889','Finnish'),
('1','4','6972318363','2','6981237889','Finnish'),
('1','4','6975423244','3','6981237889','Finnish'),
('1','5','6980045221','3','6981278204','Indian'),
('1','5','6980055436','3','6981278204','Indian'),
('1','5','6981237889','3','6981278204','Indian'),
('1','5','6980045221','4','6981390033','German'),
('1','5','6980055436','6','6981390033','German'),
('1','5','6981237889','5','6981390033','German'),
('1','5','6980045221','2','6983244591','Swedish'),
('1','5','6980055436','3','6983244591','Swedish'),
('1','5','6981237889','2','6983244591','Swedish'),
('1','5','6980045221','2','6983428772','Greek'),
('1','5','6980055436','1','6983428772','Greek'),
('1','5','6981237889','1','6983428772','Greek'),
('1','5','6980045221','4','6985543567','Canadian'),
('1','5','6980055436','4','6985543567','Canadian'),
('1','5','6981237889','4','6985543567','Canadian'),
('1','5','6980045221','2','6988723891','Chinese'),
('1','5','6980055436','1','6988723891','Chinese'),
('1','5','6981237889','1','6988723891','Chinese'),
('1','5','6980045221','4','6988821375','American'),
('1','5','6980055436','5','6988821375','American'),
('1','5','6981237889','5','6988821375','American'),
('1','5','6980045221','4','6989932400','Danish'),
('1','5','6980055436','4','6989932400','Danish'),
('1','5','6981237889','4','6989932400','Danish'),
('1','5','6980045221','3','6992178391','French'),
('1','5','6980055436','3','6992178391','French'),
('1','5','6981237889','3','6992178391','French'),
('1','5','6980045221','3','6992634810','Thai'),
('1','5','6980055436','3','6992634810','Thai'),
('1','5','6981237889','2','6992634810','Thai'),
('1','6','6980045221','1','6981278204','Indian'),
('1','6','6981237889','1','6981278204','Indian'),
('1','6','6983428772','1','6981278204','Indian'),
('1','6','6980045221','2','6981390033','Italian'),
('1','6','6981237889','2','6981390033','Italian'),
('1','6','6983428772','2','6981390033','Italian'),
('1','6','6980045221','4','6983244591','Swedish'),
('1','6','6981237889','4','6983244591','Swedish'),
('1','6','6983428772','4','6983244591','Swedish'),
('1','6','6980045221','1','6983428772','Thai'),
('1','6','6981237889','1','6983428772','Thai'),
('1','6','6983428772','1','6983428772','Thai'),
('1','6','6980045221','5','6985543567','German'),
('1','6','6981237889','5','6985543567','German'),
('1','6','6983428772','5','6985543567','German'),
('1','6','6980045221','4','6988723891','Chinese'),
('1','6','6981237889','4','6988723891','Chinese'),
('1','6','6983428772','4','6988723891','Chinese'),
('1','6','6980045221','3','6988821375','Turkish'),
('1','6','6981237889','3','6988821375','Turkish'),
('1','6','6983428772','3','6988821375','Turkish'),
('1','6','6980045221','2','6989932400','Danish'),
('1','6','6981237889','2','6989932400','Danish'),
('1','6','6983428772','2','6989932400','Danish'),
('1','6','6980045221','5','6992178391','French'),
('1','6','6981237889','5','6992178391','French'),
('1','6','6983428772','5','6992178391','French'),
('1','6','6980045221','3','6992634810','Greek'),
('1','6','6981237889','3','6992634810','Greek'),
('1','6','6983428772','3','6992634810','Greek'),
('1','7','6098329128','1','6981278204','Indian'),
('1','7','6970010020','1','6981278204','Indian'),
('1','7','6980045221','1','6981278204','Indian'),
('1','7','6098329128','4','6981390033','Italian'),
('1','7','6970010020','2','6981390033','Italian'),
('1','7','6980045221','2','6981390033','Italian'),
('1','7','6098329128','3','6983244591','Swedish'),
('1','7','6970010020','4','6983244591','Swedish'),
('1','7','6980045221','4','6983244591','Swedish'),
('1','7','6098329128','2','6983428772','Thai'),
('1','7','6970010020','1','6983428772','Thai'),
('1','7','6980045221','3','6983428772','Thai'),
('1','7','6098329128','5','6985543567','German'),
('1','7','6970010020','5','6985543567','German'),
('1','7','6980045221','5','6985543567','German'),
('1','7','6098329128','4','6988723891','Chinese'),
('1','7','6970010020','5','6988723891','Chinese'),
('1','7','6980045221','2','6988723891','Chinese'),
('1','7','6098329128','3','6988821375','Turkish'),
('1','7','6970010020','4','6988821375','Turkish'),
('1','7','6980045221','3','6988821375','Turkish'),
('1','7','6098329128','2','6989932400','Danish'),
('1','7','6970010020','2','6989932400','Danish'),
('1','7','6980045221','2','6989932400','Danish'),
('1','7','6098329128','4','6992178391','French'),
('1','7','6970010020','5','6992178391','French'),
('1','7','6980045221','5','6992178391','French'),
('1','7','6098329128','3','6992634810','Greek'),
('1','7','6970010020','3','6992634810','Greek'),
('1','7','6980045221','3','6992634810','Greek'),
('1','8','6789002001','2','6098329128','Finnish'),
('1','8','6789002343','3','6098329128','Finnish'),
('1','8','6789008567','3','6098329128','Finnish'),
('1','8','6789002001','3','6574568300','French'),
('1','8','6789002343','2','6574568300','French'),
('1','8','6789008567','2','6574568300','French'),
('1','8','6789002001','2','6729103481','German'),
('1','8','6789002343','3','6729103481','German'),
('1','8','6789008567','3','6729103481','German'),
('1','8','6789002001','3','6754332862','Greek'),
('1','8','6789002343','5','6754332862','Greek'),
('1','8','6789008567','5','6754332862','Greek'),
('1','8','6789002001','5','6778912294','Chinese'),
('1','8','6789002343','2','6778912294','Chinese'),
('1','8','6789008567','2','6778912294','Chinese'),
('1','8','6789002001','1','6781122334','American'),
('1','8','6789002343','1','6781122334','American'),
('1','8','6789008567','1','6781122334','American'),
('1','8','6789002001','2','6783345672','Bulgarian'),
('1','8','6789002343','2','6783345672','Bulgarian'),
('1','8','6789008567','4','6783345672','Bulgarian'),
('1','8','6789002001','3','6783618927','Icelandic'),
('1','8','6789002343','3','6783618927','Icelandic'),
('1','8','6789008567','1','6783618927','Icelandic'),
('1','8','6789002001','4','6785534550','Greek'),
('1','8','6789002343','4','6785534550','Greek'),
('1','8','6789008567','5','6785534550','Greek'),
('1','8','6789002001','5','6788980024','American'),
('1','8','6789002343','5','6788980024','American'),
('1','8','6789008567','4','6788980024','American'),
('1','9','6970021005','1','6789201727','German'),
('1','9','6970031388','1','6789201727','German'),
('1','9','6971010610','1','6789201727','German'),
('1','9','6970021005','2','6874326800','French'),
('1','9','6970031388','2','6874326800','French'),
('1','9','6971010610','2','6874326800','French'),
('1','9','6970021005','3','6879000236','Norwegian'),
('1','9','6970031388','3','6879000236','Norwegian'),
('1','9','6971010610','3','6879000236','Norwegian'),
('1','9','6970021005','4','6899099653','Chinese'),
('1','9','6970031388','4','6899099653','Chinese'),
('1','9','6971010610','4','6899099653','Chinese'),
('1','9','6970021005','5','6900887525','Greek'),
('1','9','6970031388','5','6900887525','Greek'),
('1','9','6971010610','5','6900887525','Greek'),
('1','9','6970021005','1','6942312886','Chinese'),
('1','9','6970031388','1','6942312886','Chinese'),
('1','9','6971010610','1','6942312886','Chinese'),
('1','9','6970021005','2','6962217839','Indian'),
('1','9','6970031388','2','6962217839','Indian'),
('1','9','6971010610','2','6962217839','Indian'),
('1','9','6970021005','3','6965342879','French'),
('1','9','6970031388','3','6965342879','French'),
('1','9','6971010610','3','6965342879','French'),
('1','9','6970021005','4','6965443776','Chinese'),
('1','9','6970031388','4','6965443776','Chinese'),
('1','9','6971010610','4','6965443776','Chinese'),
('1','9','6970021005','5','6970010020','German'),
('1','9','6970031388','5','6970010020','German'),
('1','9','6971010610','5','6970010020','German'),
('2','1','6789002001','3','6098329128','Finnish'),
('2','1','6789002343','2','6098329128','Finnish'),
('2','1','6789008567','1','6098329128','Finnish'),
('2','1','6789002001','4','6574568300','French'),
('2','1','6789002343','3','6574568300','French'),
('2','1','6789008567','2','6574568300','French'),
('2','1','6789002001','5','6729103481','German'),
('2','1','6789002343','4','6729103481','German'),
('2','1','6789008567','3','6729103481','German'),
('2','1','6789002001','1','6754332862','Greek'),
('2','1','6789002343','5','6754332862','Greek'),
('2','1','6789008567','4','6754332862','Greek'),
('2','1','6789002001','2','6778912294','Chinese'),
('2','1','6789002343','1','6778912294','Chinese'),
('2','1','6789008567','5','6778912294','Chinese'),
('2','1','6789002001','3','6781122334','American'),
('2','1','6789002343','2','6781122334','American'),
('2','1','6789008567','1','6781122334','American'),
('2','1','6789002001','4','6783345672','Bulgarian'),
('2','1','6789002343','3','6783345672','Bulgarian'),
('2','1','6789008567','2','6783345672','Bulgarian'),
('2','1','6789002001','3','6783618927','Icelandic'),
('2','1','6789002343','3','6783618927','Icelandic'),
('2','1','6789008567','3','6783618927','Icelandic'),
('2','1','6789002001','4','6785534550','Greek'),
('2','1','6789002343','4','6785534550','Greek'),
('2','1','6789008567','4','6785534550','Greek'),
('2','1','6789002001','5','6788980024','American'),
('2','1','6789002343','5','6788980024','American'),
('2','1','6789008567','5','6788980024','American'),
('2','10','6789002343','5','6098329128','Finnish'),
('2','10','6975667744','4','6098329128','Finnish'),
('2','10','6978181268','1','6098329128','Finnish'),
('2','10','6789002343','1','6574568300','French'),
('2','10','6975667744','5','6574568300','French'),
('2','10','6978181268','2','6574568300','French'),
('2','10','6789002343','2','6729103481','German'),
('2','10','6975667744','3','6729103481','German'),
('2','10','6978181268','3','6729103481','German'),
('2','10','6789002343','3','6754332862','Greek'),
('2','10','6975667744','4','6754332862','Greek'),
('2','10','6978181268','4','6754332862','Greek'),
('2','10','6789002343','5','6778912294','Chinese'),
('2','10','6975667744','5','6778912294','Chinese'),
('2','10','6978181268','5','6778912294','Chinese'),
('2','10','6789002343','1','6781122334','American'),
('2','10','6975667744','1','6781122334','American'),
('2','10','6978181268','1','6781122334','American'),
('2','10','6789002343','2','6783345672','Bulgarian'),
('2','10','6975667744','2','6783345672','Bulgarian'),
('2','10','6978181268','2','6783345672','Bulgarian'),
('2','10','6789002343','4','6785534550','Turkish'),
('2','10','6975667744','4','6785534550','Turkish'),
('2','10','6978181268','1','6785534550','Turkish'),
('2','10','6789002343','5','6788980024','Italian'),
('2','10','6975667744','5','6788980024','Italian'),
('2','10','6978181268','2','6788980024','Italian'),
('2','10','6789002343','1','6789002001','Indian'),
('2','10','6975667744','1','6789002001','Indian'),
('2','10','6978181268','3','6789002001','Indian'),
('2','2','6789008567','5','6874326800','French'),
('2','2','6970031388','5','6874326800','French'),
('2','2','6971010610','5','6874326800','French'),
('2','2','6789008567','1','6879000236','Norwegian'),
('2','2','6970031388','1','6879000236','Norwegian'),
('2','2','6971010610','1','6879000236','Norwegian'),
('2','2','6789008567','2','6899099653','Chinese'),
('2','2','6970031388','2','6899099653','Chinese'),
('2','2','6971010610','2','6899099653','Chinese'),
('2','2','6789008567','3','6900887525','Greek'),
('2','2','6970031388','3','6900887525','Greek'),
('2','2','6971010610','3','6900887525','Greek'),
('2','2','6789008567','1','6942312886','Chinese'),
('2','2','6970031388','1','6942312886','Chinese'),
('2','2','6971010610','1','6942312886','Chinese'),
('2','2','6789008567','2','6962217839','Indian'),
('2','2','6970031388','2','6962217839','Indian'),
('2','2','6971010610','2','6962217839','Indian'),
('2','2','6789008567','3','6965342879','French'),
('2','2','6970031388','3','6965342879','French'),
('2','2','6971010610','3','6965342879','French'),
('2','2','6789008567','4','6965443776','Chinese'),
('2','2','6970031388','4','6965443776','Chinese'),
('2','2','6971010610','4','6965443776','Chinese'),
('2','2','6789008567','5','6970010020','German'),
('2','2','6970031388','5','6970010020','German'),
('2','2','6971010610','5','6970010020','German'),
('2','2','6789008567','1','6970021005','Canadian'),
('2','2','6970031388','1','6970021005','Canadian'),
('2','2','6971010610','1','6970021005','Canadian'),
('2','3','6789002001','1','6098329128','Finnish'),
('2','3','6789002343','1','6098329128','Finnish'),
('2','3','6970021005','1','6098329128','Finnish'),
('2','3','6789002001','2','6574568300','French'),
('2','3','6789002343','2','6574568300','French'),
('2','3','6970021005','2','6574568300','French'),
('2','3','6789002001','3','6729103481','German'),
('2','3','6789002343','3','6729103481','German'),
('2','3','6970021005','3','6729103481','German'),
('2','3','6789002001','4','6754332862','Greek'),
('2','3','6789002343','4','6754332862','Greek'),
('2','3','6970021005','4','6754332862','Greek'),
('2','3','6789002001','5','6778912294','Chinese'),
('2','3','6789002343','5','6778912294','Chinese'),
('2','3','6970021005','5','6778912294','Chinese'),
('2','3','6789002001','1','6781122334','American'),
('2','3','6789002343','1','6781122334','American'),
('2','3','6970021005','1','6781122334','American'),
('2','3','6789002001','2','6783345672','Bulgarian'),
('2','3','6789002343','2','6783345672','Bulgarian'),
('2','3','6970021005','2','6783345672','Bulgarian'),
('2','3','6789002001','3','6783618927','Icelandic'),
('2','3','6789002343','3','6783618927','Icelandic'),
('2','3','6970021005','3','6783618927','Icelandic'),
('2','3','6789002001','4','6785534550','Greek'),
('2','3','6789002343','4','6785534550','Greek'),
('2','3','6970021005','4','6785534550','Greek'),
('2','3','6789002001','5','6788980024','American'),
('2','3','6789002343','5','6788980024','American'),
('2','3','6970021005','5','6788980024','American'),
('2','4','6783345672','1','6098329128','Finnish'),
('2','4','6789002001','1','6098329128','Finnish'),
('2','4','6789002343','1','6098329128','Finnish'),
('2','4','6783345672','2','6574568300','French'),
('2','4','6789002001','2','6574568300','French'),
('2','4','6789002343','2','6574568300','French'),
('2','4','6783345672','3','6729103481','German'),
('2','4','6789002001','3','6729103481','German'),
('2','4','6789002343','3','6729103481','German'),
('2','4','6783345672','4','6754332862','Greek'),
('2','4','6789002001','4','6754332862','Greek'),
('2','4','6789002343','4','6754332862','Greek'),
('2','4','6783345672','5','6778912294','Chinese'),
('2','4','6789002001','5','6778912294','Chinese'),
('2','4','6789002343','5','6778912294','Chinese'),
('2','4','6783345672','1','6781122334','American'),
('2','4','6789002001','1','6781122334','American'),
('2','4','6789002343','1','6781122334','American'),
('2','4','6783345672','2','6783345672','Bulgarian'),
('2','4','6789002001','2','6783345672','Bulgarian'),
('2','4','6789002343','2','6783345672','Bulgarian'),
('2','4','6783345672','3','6783618927','Icelandic'),
('2','4','6789002001','3','6783618927','Icelandic'),
('2','4','6789002343','3','6783618927','Icelandic'),
('2','4','6783345672','4','6785534550','Greek'),
('2','4','6789002001','4','6785534550','Greek'),
('2','4','6789002343','4','6785534550','Greek'),
('2','4','6783345672','5','6788980024','American'),
('2','4','6789002001','5','6788980024','American'),
('2','4','6789002343','5','6788980024','American'),
('2','5','6970010020','3','6789008567','Danish'),
('2','5','6970021005','5','6789008567','Danish'),
('2','5','6970031388','1','6789008567','Danish'),
('2','5','6970010020','4','6789201727','German'),
('2','5','6970021005','4','6789201727','German'),
('2','5','6970031388','3','6789201727','German'),
('2','5','6970010020','5','6874326800','French'),
('2','5','6970021005','5','6874326800','French'),
('2','5','6970031388','4','6874326800','French'),
('2','5','6970010020','1','6879000236','Norwegian'),
('2','5','6970021005','1','6879000236','Norwegian'),
('2','5','6970031388','5','6879000236','Norwegian'),
('2','5','6970010020','2','6899099653','Chinese'),
('2','5','6970021005','2','6899099653','Chinese'),
('2','5','6970031388','4','6899099653','Chinese'),
('2','5','6970010020','3','6900887525','Greek'),
('2','5','6970021005','3','6900887525','Greek'),
('2','5','6970031388','3','6900887525','Greek'),
('2','5','6970010020','2','6942312886','Chinese'),
('2','5','6970021005','4','6942312886','Chinese'),
('2','5','6970031388','4','6942312886','Chinese'),
('2','5','6970010020','3','6962217839','Indian'),
('2','5','6970021005','5','6962217839','Indian'),
('2','5','6970031388','5','6962217839','Indian'),
('2','5','6970010020','4','6965342879','French'),
('2','5','6970021005','1','6965342879','French'),
('2','5','6970031388','3','6965342879','French'),
('2','5','6970010020','5','6965443776','Chinese'),
('2','5','6970021005','2','6965443776','Chinese'),
('2','5','6970031388','4','6965443776','Chinese'),
('2','6','6971010610','4','6972318363','Chinese'),
('2','6','6971813344','4','6972318363','Chinese'),
('2','6','6971817733','4','6972318363','Chinese'),
('2','6','6971010610','5','6975423244','American'),
('2','6','6971813344','5','6975423244','American'),
('2','6','6971817733','5','6975423244','American'),
('2','6','6971010610','1','6975436653','German'),
('2','6','6971813344','1','6975436653','German'),
('2','6','6971817733','1','6975436653','German'),
('2','6','6971010610','2','6975654109','Finnish'),
('2','6','6971813344','2','6975654109','Finnish'),
('2','6','6971817733','2','6975654109','Finnish'),
('2','6','6971010610','3','6975667744','German'),
('2','6','6971813344','3','6975667744','German'),
('2','6','6971817733','3','6975667744','German'),
('2','6','6971010610','4','6978181268','Greek'),
('2','6','6971813344','4','6978181268','Greek'),
('2','6','6971817733','4','6978181268','Greek'),
('2','6','6971010610','5','6978324665','French'),
('2','6','6971813344','5','6978324665','French'),
('2','6','6971817733','5','6978324665','French'),
('2','6','6971010610','1','6978654344','Norwegian'),
('2','6','6971813344','1','6978654344','Norwegian'),
('2','6','6971817733','1','6978654344','Norwegian'),
('2','6','6971010610','2','6978806412','Chinese'),
('2','6','6971813344','2','6978806412','Chinese'),
('2','6','6971817733','2','6978806412','Chinese'),
('2','6','6971010610','3','6980021023','Canadian'),
('2','6','6971813344','3','6980021023','Canadian'),
('2','6','6971817733','3','6980021023','Canadian'),
('2','7','6789002001','1','6098329128','Finnish'),
('2','7','6789002343','1','6098329128','Finnish'),
('2','7','6980021023','1','6098329128','Finnish'),
('2','7','6789002001','2','6574568300','French'),
('2','7','6789002343','2','6574568300','French'),
('2','7','6980021023','2','6574568300','French'),
('2','7','6789002001','3','6729103481','German'),
('2','7','6789002343','3','6729103481','German'),
('2','7','6980021023','5','6729103481','German'),
('2','7','6789002001','4','6754332862','Greek'),
('2','7','6789002343','4','6754332862','Greek'),
('2','7','6980021023','1','6754332862','Greek'),
('2','7','6789002001','5','6778912294','Chinese'),
('2','7','6789002343','5','6778912294','Chinese'),
('2','7','6980021023','2','6778912294','Chinese'),
('2','7','6789002001','1','6781122334','American'),
('2','7','6789002343','3','6781122334','American'),
('2','7','6980021023','4','6781122334','American'),
('2','7','6789002001','2','6783345672','Bulgarian'),
('2','7','6789002343','4','6783345672','Bulgarian'),
('2','7','6980021023','4','6783345672','Bulgarian'),
('2','7','6789002001','3','6783618927','Icelandic'),
('2','7','6789002343','5','6783618927','Icelandic'),
('2','7','6980021023','5','6783618927','Icelandic'),
('2','7','6789002001','4','6785534550','Turkish'),
('2','7','6789002343','4','6785534550','Turkish'),
('2','7','6980021023','3','6785534550','Turkish'),
('2','7','6789002001','5','6788980024','Italian'),
('2','7','6789002343','5','6788980024','Italian'),
('2','7','6980021023','4','6788980024','Italian'),
('2','8','6789008567','4','6789201727','Swedish'),
('2','8','6970010020','1','6789201727','Swedish'),
('2','8','6970021005','4','6789201727','Swedish'),
('2','8','6789008567','5','6789429391','Russian'),
('2','8','6970010020','2','6789429391','Russian'),
('2','8','6970021005','5','6789429391','Russian'),
('2','8','6789008567','1','6874326800','Norwegian'),
('2','8','6970010020','4','6874326800','Norwegian'),
('2','8','6970021005','1','6874326800','Norwegian'),
('2','8','6789008567','2','6879000236','Swedish'),
('2','8','6970010020','2','6879000236','Swedish'),
('2','8','6970021005','2','6879000236','Swedish'),
('2','8','6789008567','3','6899099653','Indian'),
('2','8','6970010020','3','6899099653','Indian'),
('2','8','6970021005','3','6899099653','Indian'),
('2','8','6789008567','1','6900887525','Italian'),
('2','8','6970010020','4','6900887525','Italian'),
('2','8','6970021005','4','6900887525','Italian'),
('2','8','6789008567','2','6942312886','German'),
('2','8','6970010020','5','6942312886','German'),
('2','8','6970021005','5','6942312886','German'),
('2','8','6789008567','1','6962217839','Thai'),
('2','8','6970010020','1','6962217839','Thai'),
('2','8','6970021005','1','6962217839','Thai'),
('2','8','6789008567','2','6965342879','Spanish'),
('2','8','6970010020','2','6965342879','Spanish'),
('2','8','6970021005','2','6965342879','Spanish'),
('2','8','6789008567','3','6965443776','Japanese'),
('2','8','6970010020','3','6965443776','Japanese'),
('2','8','6970021005','5','6965443776','Japanese'),
('2','9','6942312886','1','6970031388','Japanese'),
('2','9','6965342879','1','6970031388','Japanese'),
('2','9','6965443776','4','6970031388','Japanese'),
('2','9','6942312886','2','6971010610','Italian'),
('2','9','6965342879','2','6971010610','Italian'),
('2','9','6965443776','2','6971010610','Italian'),
('2','9','6942312886','3','6971813344','Mexican'),
('2','9','6965342879','4','6971813344','Mexican'),
('2','9','6965443776','3','6971813344','Mexican'),
('2','9','6942312886','1','6971817733','Norwegian'),
('2','9','6965342879','5','6971817733','Norwegian'),
('2','9','6965443776','4','6971817733','Norwegian'),
('2','9','6942312886','2','6972318363','Swedish'),
('2','9','6965342879','1','6972318363','Swedish'),
('2','9','6965443776','5','6972318363','Swedish'),
('2','9','6942312886','3','6975423244','American'),
('2','9','6965342879','2','6975423244','American'),
('2','9','6965443776','1','6975423244','American'),
('2','9','6942312886','1','6975436653','Indian'),
('2','9','6965342879','3','6975436653','Indian'),
('2','9','6965443776','4','6975436653','Indian'),
('2','9','6942312886','2','6975654109','Finnish'),
('2','9','6965342879','3','6975654109','Finnish'),
('2','9','6965443776','5','6975654109','Finnish'),
('2','9','6942312886','4','6975667744','Russian'),
('2','9','6965342879','4','6975667744','Russian'),
('2','9','6965443776','1','6975667744','Russian'),
('2','9','6942312886','4','6978181268','Thai'),
('2','9','6965342879','5','6978181268','Thai'),
('2','9','6965443776','5','6978181268','Thai'),
('3','1','6970031388','3','6754332862','Greek'),
('3','1','6975667744','3','6754332862','Greek'),
('3','1','6980055436','5','6754332862','Greek'),
('3','1','6970031388','1','6778912294','Chinese'),
('3','1','6975667744','5','6778912294','Chinese'),
('3','1','6980055436','1','6778912294','Chinese'),
('3','1','6970031388','3','6781122334','Canadian'),
('3','1','6975667744','1','6781122334','Canadian'),
('3','1','6980055436','3','6781122334','Canadian'),
('3','1','6970031388','1','6783345672','Bulgarian'),
('3','1','6975667744','2','6783345672','Bulgarian'),
('3','1','6980055436','2','6783345672','Bulgarian'),
('3','1','6970031388','5','6783618927','Thai'),
('3','1','6975667744','4','6783618927','Thai'),
('3','1','6980055436','4','6783618927','Thai'),
('3','1','6970031388','2','6784291019','Icelandic'),
('3','1','6975667744','5','6784291019','Icelandic'),
('3','1','6980055436','5','6784291019','Icelandic'),
('3','1','6970031388','5','6785534550','Turkish'),
('3','1','6975667744','3','6785534550','Turkish'),
('3','1','6980055436','1','6785534550','Turkish'),
('3','1','6970031388','4','6874326800','French'),
('3','1','6975667744','1','6874326800','French'),
('3','1','6980055436','2','6874326800','French'),
('3','1','6970031388','2','6942312886','German'),
('3','1','6975667744','2','6942312886','German'),
('3','1','6980055436','3','6942312886','German'),
('3','1','6970031388','5','6975654109','Finnish'),
('3','1','6975667744','4','6975654109','Finnish'),
('3','1','6980055436','4','6975654109','Finnish'),
('3','10','6942312886','5','6789008567','Danish'),
('3','10','6965443776','5','6789008567','Danish'),
('3','10','6970010020','5','6789008567','Danish'),
('3','10','6942312886','1','6971813344','Italian'),
('3','10','6965443776','1','6971813344','Italian'),
('3','10','6970010020','1','6971813344','Italian'),
('3','10','6942312886','4','6971817733','Danish'),
('3','10','6965443776','4','6971817733','Danish'),
('3','10','6970010020','4','6971817733','Danish'),
('3','10','6942312886','3','6972318363','Chinese'),
('3','10','6965443776','3','6972318363','Chinese'),
('3','10','6970010020','3','6972318363','Chinese'),
('3','10','6942312886','2','6975423244','American'),
('3','10','6965443776','2','6975423244','American'),
('3','10','6970010020','2','6975423244','American'),
('3','10','6942312886','5','6975436653','German'),
('3','10','6965443776','5','6975436653','German'),
('3','10','6970010020','5','6975436653','German'),
('3','10','6942312886','1','6975654109','Finnish'),
('3','10','6965443776','1','6975654109','Finnish'),
('3','10','6970010020','1','6975654109','Finnish'),
('3','10','6942312886','4','6975667744','German'),
('3','10','6965443776','4','6975667744','German'),
('3','10','6970010020','4','6975667744','German'),
('3','10','6942312886','3','6978181268','Greek'),
('3','10','6965443776','3','6978181268','Greek'),
('3','10','6970010020','3','6978181268','Greek'),
('3','10','6942312886','2','6978324665','French'),
('3','10','6965443776','2','6978324665','French'),
('3','10','6970010020','2','6978324665','French'),
('3','2','6781122334','1','6789002343','Mexican'),
('3','2','6783345672','4','6789002343','Mexican'),
('3','2','6785534550','1','6789002343','Mexican'),
('3','2','6781122334','4','6789008567','Danish'),
('3','2','6783345672','1','6789008567','Danish'),
('3','2','6785534550','4','6789008567','Danish'),
('3','2','6781122334','3','6789201727','German'),
('3','2','6783345672','3','6789201727','German'),
('3','2','6785534550','3','6789201727','German'),
('3','2','6781122334','2','6789429391','Russian'),
('3','2','6783345672','2','6789429391','Russian'),
('3','2','6785534550','2','6789429391','Russian'),
('3','2','6781122334','5','6874326800','French'),
('3','2','6783345672','5','6874326800','French'),
('3','2','6785534550','5','6874326800','French'),
('3','2','6781122334','1','6879000236','Norwegian'),
('3','2','6783345672','4','6879000236','Norwegian'),
('3','2','6785534550','1','6879000236','Norwegian'),
('3','2','6781122334','4','6899099653','Indian'),
('3','2','6783345672','1','6899099653','Indian'),
('3','2','6785534550','4','6899099653','Indian'),
('3','2','6781122334','3','6900887525','Greek'),
('3','2','6783345672','3','6900887525','Greek'),
('3','2','6785534550','3','6900887525','Greek'),
('3','2','6781122334','2','6942312886','German'),
('3','2','6783345672','2','6942312886','German'),
('3','2','6785534550','2','6942312886','German'),
('3','2','6781122334','5','6962217839','Thai'),
('3','2','6783345672','5','6962217839','Thai'),
('3','2','6785534550','5','6962217839','Thai'),
('3','3','6900887525','1','6965342879','French'),
('3','3','6942312886','1','6965342879','French'),
('3','3','6962217839','1','6965342879','French'),
('3','3','6900887525','4','6965443776','Chinese'),
('3','3','6942312886','4','6965443776','Chinese'),
('3','3','6962217839','4','6965443776','Chinese'),
('3','3','6900887525','3','6970010020','Turkish'),
('3','3','6942312886','3','6970010020','Turkish'),
('3','3','6962217839','3','6970010020','Turkish'),
('3','3','6900887525','2','6970021005','Canadian'),
('3','3','6942312886','2','6970021005','Canadian'),
('3','3','6962217839','2','6970021005','Canadian'),
('3','3','6900887525','5','6970031388','Greek'),
('3','3','6942312886','5','6970031388','Greek'),
('3','3','6962217839','5','6970031388','Greek'),
('3','3','6900887525','1','6971010610','Italian'),
('3','3','6942312886','1','6971010610','Italian'),
('3','3','6962217839','1','6971010610','Italian'),
('3','3','6900887525','4','6971813344','Mexican'),
('3','3','6942312886','4','6971813344','Mexican'),
('3','3','6962217839','4','6971813344','Mexican'),
('3','3','6900887525','3','6971817733','Norwegian'),
('3','3','6942312886','3','6971817733','Norwegian'),
('3','3','6962217839','3','6971817733','Norwegian'),
('3','3','6900887525','2','6972318363','Swedish'),
('3','3','6942312886','2','6972318363','Swedish'),
('3','3','6962217839','2','6972318363','Swedish'),
('3','3','6900887525','5','6975423244','American'),
('3','3','6942312886','5','6975423244','American'),
('3','3','6962217839','5','6975423244','American'),
('3','4','6971817733','1','6975436653','Indian'),
('3','4','6972318363','1','6975436653','Indian'),
('3','4','6975423244','1','6975436653','Indian'),
('3','4','6971817733','4','6975667744','Russian'),
('3','4','6972318363','4','6975667744','Russian'),
('3','4','6975423244','4','6975667744','Russian'),
('3','4','6971817733','3','6978181268','Thai'),
('3','4','6972318363','3','6978181268','Thai'),
('3','4','6975423244','3','6978181268','Thai'),
('3','4','6971817733','2','6978324665','Italian'),
('3','4','6972318363','2','6978324665','Italian'),
('3','4','6975423244','2','6978324665','Italian'),
('3','4','6971817733','5','6978654344','Norwegian'),
('3','4','6972318363','5','6978654344','Norwegian'),
('3','4','6975423244','5','6978654344','Norwegian'),
('3','4','6971817733','1','6978806412','Chinese'),
('3','4','6972318363','1','6978806412','Chinese'),
('3','4','6975423244','1','6978806412','Chinese'),
('3','4','6971817733','4','6980021023','Turkish'),
('3','4','6972318363','4','6980021023','Turkish'),
('3','4','6975423244','4','6980021023','Turkish'),
('3','4','6971817733','3','6980045221','Bulgarian'),
('3','4','6972318363','3','6980045221','Bulgarian'),
('3','4','6975423244','3','6980045221','Bulgarian'),
('3','4','6971817733','2','6980055436','Mexican'),
('3','4','6972318363','2','6980055436','Mexican'),
('3','4','6975423244','2','6980055436','Mexican'),
('3','4','6971817733','5','6981237889','Finnish'),
('3','4','6972318363','5','6981237889','Finnish'),
('3','4','6975423244','5','6981237889','Finnish'),
('3','5','6980045221','1','6981278204','Indian'),
('3','5','6980055436','1','6981278204','Indian'),
('3','5','6981237889','1','6981278204','Indian'),
('3','5','6980045221','4','6981390033','German'),
('3','5','6980055436','4','6981390033','German'),
('3','5','6981237889','4','6981390033','German'),
('3','5','6980045221','3','6983244591','Swedish'),
('3','5','6980055436','3','6983244591','Swedish'),
('3','5','6981237889','3','6983244591','Swedish'),
('3','5','6980045221','2','6983428772','Greek'),
('3','5','6980055436','2','6983428772','Greek'),
('3','5','6981237889','2','6983428772','Greek'),
('3','5','6980045221','5','6985543567','Canadian'),
('3','5','6980055436','5','6985543567','Canadian'),
('3','5','6981237889','5','6985543567','Canadian'),
('3','5','6980045221','1','6988723891','Chinese'),
('3','5','6980055436','1','6988723891','Chinese'),
('3','5','6981237889','1','6988723891','Chinese'),
('3','5','6980045221','4','6988821375','American'),
('3','5','6980055436','4','6988821375','American'),
('3','5','6981237889','4','6988821375','American'),
('3','5','6980045221','3','6989932400','Danish'),
('3','5','6980055436','3','6989932400','Danish'),
('3','5','6981237889','3','6989932400','Danish'),
('3','5','6980045221','2','6992178391','French'),
('3','5','6980055436','2','6992178391','French'),
('3','5','6981237889','2','6992178391','French'),
('3','5','6980045221','5','6992634810','Thai'),
('3','5','6980055436','5','6992634810','Thai'),
('3','5','6981237889','5','6992634810','Thai'),
('3','6','6980045221','2','6981278204','Indian'),
('3','6','6981237889','2','6981278204','Indian'),
('3','6','6983428772','2','6981278204','Indian'),
('3','6','6980045221','3','6981390033','Italian'),
('3','6','6981237889','3','6981390033','Italian'),
('3','6','6983428772','3','6981390033','Italian'),
('3','6','6980045221','5','6983244591','Swedish'),
('3','6','6981237889','5','6983244591','Swedish'),
('3','6','6983428772','5','6983244591','Swedish'),
('3','6','6980045221','1','6983428772','Thai'),
('3','6','6981237889','1','6983428772','Thai'),
('3','6','6983428772','1','6983428772','Thai'),
('3','6','6980045221','4','6985543567','German'),
('3','6','6981237889','4','6985543567','German'),
('3','6','6983428772','4','6985543567','German'),
('3','6','6980045221','3','6988723891','Chinese'),
('3','6','6981237889','3','6988723891','Chinese'),
('3','6','6983428772','3','6988723891','Chinese'),
('3','6','6980045221','2','6988821375','Turkish'),
('3','6','6981237889','2','6988821375','Turkish'),
('3','6','6983428772','2','6988821375','Turkish'),
('3','6','6980045221','5','6989932400','Danish'),
('3','6','6981237889','5','6989932400','Danish'),
('3','6','6983428772','5','6989932400','Danish'),
('3','6','6980045221','4','6992178391','French'),
('3','6','6981237889','4','6992178391','French'),
('3','6','6983428772','4','6992178391','French'),
('3','6','6980045221','1','6992634810','Greek'),
('3','6','6981237889','1','6992634810','Greek'),
('3','6','6983428772','1','6992634810','Greek'),
('3','7','6098329128','2','6981278204','Indian'),
('3','7','6970010020','2','6981278204','Indian'),
('3','7','6980045221','2','6981278204','Indian'),
('3','7','6098329128','3','6981390033','Italian'),
('3','7','6970010020','3','6981390033','Italian'),
('3','7','6980045221','3','6981390033','Italian'),
('3','7','6098329128','5','6983244591','Swedish'),
('3','7','6970010020','5','6983244591','Swedish'),
('3','7','6980045221','5','6983244591','Swedish'),
('3','7','6098329128','1','6983428772','Thai'),
('3','7','6970010020','1','6983428772','Thai'),
('3','7','6980045221','1','6983428772','Thai'),
('3','7','6098329128','4','6985543567','German'),
('3','7','6970010020','4','6985543567','German'),
('3','7','6980045221','4','6985543567','German'),
('3','7','6098329128','3','6988723891','Chinese'),
('3','7','6970010020','3','6988723891','Chinese'),
('3','7','6980045221','3','6988723891','Chinese'),
('3','7','6098329128','2','6988821375','Turkish'),
('3','7','6970010020','2','6988821375','Turkish'),
('3','7','6980045221','2','6988821375','Turkish'),
('3','7','6098329128','5','6989932400','Danish'),
('3','7','6970010020','5','6989932400','Danish'),
('3','7','6980045221','5','6989932400','Danish'),
('3','7','6098329128','4','6992178391','French'),
('3','7','6970010020','4','6992178391','French'),
('3','7','6980045221','4','6992178391','French'),
('3','7','6098329128','1','6992634810','Greek'),
('3','7','6970010020','1','6992634810','Greek'),
('3','7','6980045221','1','6992634810','Greek'),
('3','8','6789002001','1','6098329128','Finnish'),
('3','8','6789002343','1','6098329128','Finnish'),
('3','8','6789008567','1','6098329128','Finnish'),
('3','8','6789002001','4','6574568300','French'),
('3','8','6789002343','4','6574568300','French'),
('3','8','6789008567','4','6574568300','French'),
('3','8','6789002001','3','6729103481','German'),
('3','8','6789002343','3','6729103481','German'),
('3','8','6789008567','3','6729103481','German'),
('3','8','6789002001','2','6754332862','Greek'),
('3','8','6789002343','2','6754332862','Greek'),
('3','8','6789008567','2','6754332862','Greek'),
('3','8','6789002001','5','6778912294','Chinese'),
('3','8','6789002343','5','6778912294','Chinese'),
('3','8','6789008567','5','6778912294','Chinese'),
('3','8','6789002001','1','6781122334','American'),
('3','8','6789002343','1','6781122334','American'),
('3','8','6789008567','1','6781122334','American'),
('3','8','6789002001','4','6783345672','Bulgarian'),
('3','8','6789002343','4','6783345672','Bulgarian'),
('3','8','6789008567','4','6783345672','Bulgarian'),
('3','8','6789002001','3','6783618927','Icelandic'),
('3','8','6789002343','3','6783618927','Icelandic'),
('3','8','6789008567','3','6783618927','Icelandic'),
('3','8','6789002001','2','6785534550','Greek'),
('3','8','6789002343','2','6785534550','Greek'),
('3','8','6789008567','2','6785534550','Greek'),
('3','8','6789002001','5','6788980024','American'),
('3','8','6789002343','5','6788980024','American'),
('3','8','6789008567','5','6788980024','American'),
('3','9','6970021005','1','6789201727','German'),
('3','9','6970031388','1','6789201727','German'),
('3','9','6971010610','1','6789201727','German'),
('3','9','6970021005','4','6874326800','French'),
('3','9','6970031388','4','6874326800','French'),
('3','9','6971010610','4','6874326800','French'),
('3','9','6970021005','3','6879000236','Norwegian'),
('3','9','6970031388','3','6879000236','Norwegian'),
('3','9','6971010610','3','6879000236','Norwegian'),
('3','9','6970021005','2','6899099653','Chinese'),
('3','9','6970031388','2','6899099653','Chinese'),
('3','9','6971010610','2','6899099653','Chinese'),
('3','9','6970021005','5','6900887525','Greek'),
('3','9','6970031388','5','6900887525','Greek'),
('3','9','6971010610','5','6900887525','Greek'),
('3','9','6970021005','1','6942312886','Chinese'),
('3','9','6970031388','1','6942312886','Chinese'),
('3','9','6971010610','1','6942312886','Chinese'),
('3','9','6970021005','4','6962217839','Indian'),
('3','9','6970031388','4','6962217839','Indian'),
('3','9','6971010610','4','6962217839','Indian'),
('3','9','6970021005','3','6965342879','French'),
('3','9','6970031388','3','6965342879','French'),
('3','9','6971010610','3','6965342879','French'),
('3','9','6970021005','2','6965443776','Chinese'),
('3','9','6970031388','2','6965443776','Chinese'),
('3','9','6971010610','2','6965443776','Chinese'),
('3','9','6970021005','5','6970010020','German'),
('3','9','6970031388','5','6970010020','German'),
('3','9','6971010610','5','6970010020','German'),
('4','1','6789002001','1','6098329128','Finnish'),
('4','1','6789002343','1','6098329128','Finnish'),
('4','1','6789008567','1','6098329128','Finnish'),
('4','1','6789002001','4','6574568300','French'),
('4','1','6789002343','4','6574568300','French'),
('4','1','6789008567','4','6574568300','French'),
('4','1','6789002001','3','6729103481','German'),
('4','1','6789002343','3','6729103481','German'),
('4','1','6789008567','3','6729103481','German'),
('4','1','6789002001','2','6754332862','Greek'),
('4','1','6789002343','2','6754332862','Greek'),
('4','1','6789008567','2','6754332862','Greek'),
('4','1','6789002001','5','6778912294','Chinese'),
('4','1','6789002343','5','6778912294','Chinese'),
('4','1','6789008567','5','6778912294','Chinese'),
('4','1','6789002001','1','6781122334','American'),
('4','1','6789002343','1','6781122334','American'),
('4','1','6789008567','1','6781122334','American'),
('4','1','6789002001','4','6783345672','Bulgarian'),
('4','1','6789002343','4','6783345672','Bulgarian'),
('4','1','6789008567','4','6783345672','Bulgarian'),
('4','1','6789002001','3','6783618927','Icelandic'),
('4','1','6789002343','3','6783618927','Icelandic'),
('4','1','6789008567','3','6783618927','Icelandic'),
('4','1','6789002001','2','6785534550','Greek'),
('4','1','6789002343','2','6785534550','Greek'),
('4','1','6789008567','2','6785534550','Greek'),
('4','1','6789002001','5','6788980024','American'),
('4','1','6789002343','5','6788980024','American'),
('4','1','6789008567','5','6788980024','American'),
('4','10','6789002343','1','6098329128','Finnish'),
('4','10','6975667744','1','6098329128','Finnish'),
('4','10','6978181268','1','6098329128','Finnish'),
('4','10','6789002343','4','6574568300','French'),
('4','10','6975667744','4','6574568300','French'),
('4','10','6978181268','4','6574568300','French'),
('4','10','6789002343','3','6729103481','German'),
('4','10','6975667744','3','6729103481','German'),
('4','10','6978181268','3','6729103481','German'),
('4','10','6789002343','2','6754332862','Greek'),
('4','10','6975667744','2','6754332862','Greek'),
('4','10','6978181268','2','6754332862','Greek'),
('4','10','6789002343','5','6778912294','Chinese'),
('4','10','6975667744','5','6778912294','Chinese'),
('4','10','6978181268','5','6778912294','Chinese'),
('4','10','6789002343','1','6781122334','American'),
('4','10','6975667744','1','6781122334','American'),
('4','10','6978181268','1','6781122334','American'),
('4','10','6789002343','4','6783345672','Bulgarian'),
('4','10','6975667744','4','6783345672','Bulgarian'),
('4','10','6978181268','4','6783345672','Bulgarian'),
('4','10','6789002343','3','6785534550','Turkish'),
('4','10','6975667744','3','6785534550','Turkish'),
('4','10','6978181268','3','6785534550','Turkish'),
('4','10','6789002343','2','6788980024','Italian'),
('4','10','6975667744','2','6788980024','Italian'),
('4','10','6978181268','2','6788980024','Italian'),
('4','10','6789002343','5','6789002001','Indian'),
('4','10','6975667744','5','6789002001','Indian'),
('4','10','6978181268','5','6789002001','Indian'),
('4','2','6789008567','1','6874326800','French'),
('4','2','6970031388','1','6874326800','French'),
('4','2','6971010610','1','6874326800','French'),
('4','2','6789008567','4','6879000236','Norwegian'),
('4','2','6970031388','4','6879000236','Norwegian'),
('4','2','6971010610','4','6879000236','Norwegian'),
('4','2','6789008567','3','6899099653','Chinese'),
('4','2','6970031388','3','6899099653','Chinese'),
('4','2','6971010610','3','6899099653','Chinese'),
('4','2','6789008567','2','6900887525','Greek'),
('4','2','6970031388','2','6900887525','Greek'),
('4','2','6971010610','2','6900887525','Greek'),
('4','2','6789008567','5','6942312886','Chinese'),
('4','2','6970031388','5','6942312886','Chinese'),
('4','2','6971010610','5','6942312886','Chinese'),
('4','2','6789008567','1','6962217839','Indian'),
('4','2','6970031388','1','6962217839','Indian'),
('4','2','6971010610','1','6962217839','Indian'),
('4','2','6789008567','4','6965342879','French'),
('4','2','6970031388','4','6965342879','French'),
('4','2','6971010610','4','6965342879','French'),
('4','2','6789008567','3','6965443776','Chinese'),
('4','2','6970031388','3','6965443776','Chinese'),
('4','2','6971010610','3','6965443776','Chinese'),
('4','2','6789008567','2','6970010020','German'),
('4','2','6970031388','2','6970010020','German'),
('4','2','6971010610','2','6970010020','German'),
('4','2','6789008567','5','6970021005','Canadian'),
('4','2','6970031388','5','6970021005','Canadian'),
('4','2','6971010610','5','6970021005','Canadian'),
('4','3','6789002001','1','6098329128','Finnish'),
('4','3','6789002343','1','6098329128','Finnish'),
('4','3','6970021005','1','6098329128','Finnish'),
('4','3','6789002001','4','6574568300','French'),
('4','3','6789002343','4','6574568300','French'),
('4','3','6970021005','4','6574568300','French'),
('4','3','6789002001','3','6729103481','German'),
('4','3','6789002343','3','6729103481','German'),
('4','3','6970021005','3','6729103481','German'),
('4','3','6789002001','2','6754332862','Greek'),
('4','3','6789002343','2','6754332862','Greek'),
('4','3','6970021005','2','6754332862','Greek'),
('4','3','6789002001','5','6778912294','Chinese'),
('4','3','6789002343','5','6778912294','Chinese'),
('4','3','6970021005','5','6778912294','Chinese'),
('4','3','6789002001','1','6781122334','American'),
('4','3','6789002343','1','6781122334','American'),
('4','3','6970021005','1','6781122334','American'),
('4','3','6789002001','4','6783345672','Bulgarian'),
('4','3','6789002343','4','6783345672','Bulgarian'),
('4','3','6970021005','4','6783345672','Bulgarian'),
('4','3','6789002001','3','6783618927','Icelandic'),
('4','3','6789002343','3','6783618927','Icelandic'),
('4','3','6970021005','3','6783618927','Icelandic'),
('4','3','6789002001','2','6785534550','Greek'),
('4','3','6789002343','2','6785534550','Greek'),
('4','3','6970021005','2','6785534550','Greek'),
('4','3','6789002001','5','6788980024','American'),
('4','3','6789002343','5','6788980024','American'),
('4','3','6970021005','5','6788980024','American'),
('4','4','6783345672','1','6098329128','Finnish'),
('4','4','6789002001','1','6098329128','Finnish'),
('4','4','6789002343','1','6098329128','Finnish'),
('4','4','6783345672','4','6574568300','French'),
('4','4','6789002001','4','6574568300','French'),
('4','4','6789002343','4','6574568300','French'),
('4','4','6783345672','3','6729103481','German'),
('4','4','6789002001','3','6729103481','German'),
('4','4','6789002343','3','6729103481','German'),
('4','4','6783345672','2','6754332862','Greek'),
('4','4','6789002001','2','6754332862','Greek'),
('4','4','6789002343','2','6754332862','Greek'),
('4','4','6783345672','5','6778912294','Chinese'),
('4','4','6789002001','5','6778912294','Chinese'),
('4','4','6789002343','5','6778912294','Chinese'),
('4','4','6783345672','1','6781122334','American'),
('4','4','6789002001','1','6781122334','American'),
('4','4','6789002343','1','6781122334','American'),
('4','4','6783345672','4','6783345672','Bulgarian'),
('4','4','6789002001','4','6783345672','Bulgarian'),
('4','4','6789002343','4','6783345672','Bulgarian'),
('4','4','6783345672','3','6783618927','Icelandic'),
('4','4','6789002001','3','6783618927','Icelandic'),
('4','4','6789002343','3','6783618927','Icelandic'),
('4','4','6783345672','2','6785534550','Greek'),
('4','4','6789002001','2','6785534550','Greek'),
('4','4','6789002343','2','6785534550','Greek'),
('4','4','6783345672','5','6788980024','American'),
('4','4','6789002001','5','6788980024','American'),
('4','4','6789002343','5','6788980024','American'),
('4','5','6970010020','1','6789008567','Danish'),
('4','5','6970021005','1','6789008567','Danish'),
('4','5','6970031388','1','6789008567','Danish'),
('4','5','6970010020','4','6789201727','German'),
('4','5','6970021005','4','6789201727','German'),
('4','5','6970031388','4','6789201727','German'),
('4','5','6970010020','3','6874326800','French'),
('4','5','6970021005','3','6874326800','French'),
('4','5','6970031388','3','6874326800','French'),
('4','5','6970010020','2','6879000236','Norwegian'),
('4','5','6970021005','2','6879000236','Norwegian'),
('4','5','6970031388','2','6879000236','Norwegian'),
('4','5','6970010020','5','6899099653','Chinese'),
('4','5','6970021005','5','6899099653','Chinese'),
('4','5','6970031388','5','6899099653','Chinese'),
('4','5','6970010020','1','6900887525','Greek'),
('4','5','6970021005','1','6900887525','Greek'),
('4','5','6970031388','1','6900887525','Greek'),
('4','5','6970010020','4','6942312886','Chinese'),
('4','5','6970021005','4','6942312886','Chinese'),
('4','5','6970031388','4','6942312886','Chinese'),
('4','5','6970010020','3','6962217839','Indian'),
('4','5','6970021005','3','6962217839','Indian'),
('4','5','6970031388','3','6962217839','Indian'),
('4','5','6970010020','2','6965342879','French'),
('4','5','6970021005','2','6965342879','French'),
('4','5','6970031388','2','6965342879','French'),
('4','5','6970010020','5','6965443776','Chinese'),
('4','5','6970021005','5','6965443776','Chinese'),
('4','5','6970031388','5','6965443776','Chinese'),
('4','6','6971010610','1','6972318363','Chinese'),
('4','6','6971813344','1','6972318363','Chinese'),
('4','6','6971817733','1','6972318363','Chinese'),
('4','6','6971010610','4','6975423244','American'),
('4','6','6971813344','4','6975423244','American'),
('4','6','6971817733','4','6975423244','American'),
('4','6','6971010610','3','6975436653','German'),
('4','6','6971813344','3','6975436653','German'),
('4','6','6971817733','3','6975436653','German'),
('4','6','6971010610','2','6975654109','Finnish'),
('4','6','6971813344','2','6975654109','Finnish'),
('4','6','6971817733','2','6975654109','Finnish'),
('4','6','6971010610','5','6975667744','German'),
('4','6','6971813344','5','6975667744','German'),
('4','6','6971817733','5','6975667744','German'),
('4','6','6971010610','1','6978181268','Greek'),
('4','6','6971813344','1','6978181268','Greek'),
('4','6','6971817733','1','6978181268','Greek'),
('4','6','6971010610','4','6978324665','French'),
('4','6','6971813344','4','6978324665','French'),
('4','6','6971817733','4','6978324665','French'),
('4','6','6971010610','3','6978654344','Norwegian'),
('4','6','6971813344','3','6978654344','Norwegian'),
('4','6','6971817733','3','6978654344','Norwegian'),
('4','6','6971010610','2','6978806412','Chinese'),
('4','6','6971813344','2','6978806412','Chinese'),
('4','6','6971817733','2','6978806412','Chinese'),
('4','6','6971010610','5','6980021023','Canadian'),
('4','6','6971813344','5','6980021023','Canadian'),
('4','6','6971817733','5','6980021023','Canadian'),
('4','7','6789002001','1','6098329128','Finnish'),
('4','7','6789002343','1','6098329128','Finnish'),
('4','7','6980021023','1','6098329128','Finnish'),
('4','7','6789002001','4','6574568300','French'),
('4','7','6789002343','4','6574568300','French'),
('4','7','6980021023','4','6574568300','French'),
('4','7','6789002001','3','6729103481','German'),
('4','7','6789002343','3','6729103481','German'),
('4','7','6980021023','3','6729103481','German'),
('4','7','6789002001','2','6754332862','Greek'),
('4','7','6789002343','2','6754332862','Greek'),
('4','7','6980021023','2','6754332862','Greek'),
('4','7','6789002001','5','6778912294','Chinese'),
('4','7','6789002343','5','6778912294','Chinese'),
('4','7','6980021023','5','6778912294','Chinese'),
('4','7','6789002001','1','6781122334','American'),
('4','7','6789002343','1','6781122334','American'),
('4','7','6980021023','1','6781122334','American'),
('4','7','6789002001','4','6783345672','Bulgarian'),
('4','7','6789002343','4','6783345672','Bulgarian'),
('4','7','6980021023','4','6783345672','Bulgarian'),
('4','7','6789002001','3','6783618927','Icelandic'),
('4','7','6789002343','3','6783618927','Icelandic'),
('4','7','6980021023','3','6783618927','Icelandic'),
('4','7','6789002001','2','6785534550','Turkish'),
('4','7','6789002343','2','6785534550','Turkish'),
('4','7','6980021023','2','6785534550','Turkish'),
('4','7','6789002001','5','6788980024','Italian'),
('4','7','6789002343','5','6788980024','Italian'),
('4','7','6980021023','5','6788980024','Italian'),
('4','8','6789008567','1','6789201727','Swedish'),
('4','8','6970010020','1','6789201727','Swedish'),
('4','8','6970021005','1','6789201727','Swedish'),
('4','8','6789008567','4','6789429391','Russian'),
('4','8','6970010020','4','6789429391','Russian'),
('4','8','6970021005','4','6789429391','Russian'),
('4','8','6789008567','3','6874326800','Norwegian'),
('4','8','6970010020','3','6874326800','Norwegian'),
('4','8','6970021005','3','6874326800','Norwegian'),
('4','8','6789008567','2','6879000236','Swedish'),
('4','8','6970010020','2','6879000236','Swedish'),
('4','8','6970021005','2','6879000236','Swedish'),
('4','8','6789008567','5','6899099653','Indian'),
('4','8','6970010020','5','6899099653','Indian'),
('4','8','6970021005','5','6899099653','Indian'),
('4','8','6789008567','1','6900887525','Italian'),
('4','8','6970010020','1','6900887525','Italian'),
('4','8','6970021005','1','6900887525','Italian'),
('4','8','6789008567','4','6942312886','German'),
('4','8','6970010020','4','6942312886','German'),
('4','8','6970021005','4','6942312886','German'),
('4','8','6789008567','3','6962217839','Thai'),
('4','8','6970010020','3','6962217839','Thai'),
('4','8','6970021005','3','6962217839','Thai'),
('4','8','6789008567','2','6965342879','Spanish'),
('4','8','6970010020','2','6965342879','Spanish'),
('4','8','6970021005','2','6965342879','Spanish'),
('4','8','6789008567','5','6965443776','Japanese'),
('4','8','6970010020','5','6965443776','Japanese'),
('4','8','6970021005','5','6965443776','Japanese'),
('4','9','6942312886','1','6970031388','Japanese'),
('4','9','6965342879','1','6970031388','Japanese'),
('4','9','6965443776','1','6970031388','Japanese'),
('4','9','6942312886','4','6971010610','Italian'),
('4','9','6965342879','4','6971010610','Italian'),
('4','9','6965443776','4','6971010610','Italian'),
('4','9','6942312886','3','6971813344','Mexican'),
('4','9','6965342879','3','6971813344','Mexican'),
('4','9','6965443776','3','6971813344','Mexican'),
('4','9','6942312886','2','6971817733','Norwegian'),
('4','9','6965342879','2','6971817733','Norwegian'),
('4','9','6965443776','2','6971817733','Norwegian'),
('4','9','6942312886','5','6972318363','Swedish'),
('4','9','6965342879','5','6972318363','Swedish'),
('4','9','6965443776','5','6972318363','Swedish'),
('4','9','6942312886','1','6975423244','American'),
('4','9','6965342879','1','6975423244','American'),
('4','9','6965443776','1','6975423244','American'),
('4','9','6942312886','4','6975436653','Indian'),
('4','9','6965342879','4','6975436653','Indian'),
('4','9','6965443776','4','6975436653','Indian'),
('4','9','6942312886','3','6975654109','Finnish'),
('4','9','6965342879','3','6975654109','Finnish'),
('4','9','6965443776','3','6975654109','Finnish'),
('4','9','6942312886','2','6975667744','Russian'),
('4','9','6965342879','2','6975667744','Russian'),
('4','9','6965443776','2','6975667744','Russian'),
('4','9','6942312886','5','6978181268','Thai'),
('4','9','6965342879','5','6978181268','Thai'),
('4','9','6965443776','5','6978181268','Thai'),
('5','1','6783345672','2','6754332862','Greek'),
('5','1','6970031388','2','6754332862','Greek'),
('5','1','6980055436','2','6754332862','Greek'),
('5','1','6783345672','5','6778912294','Chinese'),
('5','1','6970031388','5','6778912294','Chinese'),
('5','1','6980055436','5','6778912294','Chinese'),
('5','1','6783345672','4','6781122334','Canadian'),
('5','1','6970031388','4','6781122334','Canadian'),
('5','1','6980055436','4','6781122334','Canadian'),
('5','1','6783345672','3','6783345672','Bulgarian'),
('5','1','6970031388','3','6783345672','Bulgarian'),
('5','1','6980055436','3','6783345672','Bulgarian'),
('5','1','6783345672','1','6783618927','Thai'),
('5','1','6970031388','1','6783618927','Thai'),
('5','1','6980055436','1','6783618927','Thai'),
('5','1','6783345672','2','6784291019','Icelandic'),
('5','1','6970031388','2','6784291019','Icelandic'),
('5','1','6980055436','2','6784291019','Icelandic'),
('5','1','6783345672','5','6785534550','Turkish'),
('5','1','6970031388','5','6785534550','Turkish'),
('5','1','6980055436','5','6785534550','Turkish'),
('5','1','6783345672','4','6874326800','French'),
('5','1','6970031388','4','6874326800','French'),
('5','1','6980055436','4','6874326800','French'),
('5','1','6783345672','3','6942312886','German'),
('5','1','6970031388','3','6942312886','German'),
('5','1','6980055436','3','6942312886','German'),
('5','1','6783345672','1','6975654109','Finnish'),
('5','1','6970031388','1','6975654109','Finnish'),
('5','1','6980055436','1','6975654109','Finnish'),
('5','10','6942312886','5','6789008567','Danish'),
('5','10','6965443776','5','6789008567','Danish'),
('5','10','6970010020','5','6789008567','Danish'),
('5','10','6942312886','1','6971813344','Italian'),
('5','10','6965443776','1','6971813344','Italian'),
('5','10','6970010020','1','6971813344','Italian'),
('5','10','6942312886','4','6971817733','Danish'),
('5','10','6965443776','4','6971817733','Danish'),
('5','10','6970010020','4','6971817733','Danish'),
('5','10','6942312886','3','6972318363','Chinese'),
('5','10','6965443776','3','6972318363','Chinese'),
('5','10','6970010020','3','6972318363','Chinese'),
('5','10','6942312886','2','6975423244','American'),
('5','10','6965443776','2','6975423244','American'),
('5','10','6970010020','2','6975423244','American'),
('5','10','6942312886','5','6975436653','German'),
('5','10','6965443776','5','6975436653','German'),
('5','10','6970010020','5','6975436653','German'),
('5','10','6942312886','1','6975654109','Finnish'),
('5','10','6965443776','1','6975654109','Finnish'),
('5','10','6970010020','1','6975654109','Finnish'),
('5','10','6942312886','4','6975667744','German'),
('5','10','6965443776','4','6975667744','German'),
('5','10','6970010020','4','6975667744','German'),
('5','10','6942312886','3','6978181268','Greek'),
('5','10','6965443776','3','6978181268','Greek'),
('5','10','6970010020','3','6978181268','Greek'),
('5','10','6942312886','2','6978324665','French'),
('5','10','6965443776','2','6978324665','French'),
('5','10','6970010020','2','6978324665','French'),
('5','2','6781122334','1','6789002343','Mexican'),
('5','2','6783345672','1','6789002343','Mexican'),
('5','2','6785534550','1','6789002343','Mexican'),
('5','2','6781122334','4','6789008567','Danish'),
('5','2','6783345672','4','6789008567','Danish'),
('5','2','6785534550','4','6789008567','Danish'),
('5','2','6781122334','3','6789201727','German'),
('5','2','6783345672','3','6789201727','German'),
('5','2','6785534550','3','6789201727','German'),
('5','2','6781122334','2','6789429391','Russian'),
('5','2','6783345672','2','6789429391','Russian'),
('5','2','6785534550','2','6789429391','Russian'),
('5','2','6781122334','5','6874326800','French'),
('5','2','6783345672','5','6874326800','French'),
('5','2','6785534550','5','6874326800','French'),
('5','2','6781122334','1','6879000236','Norwegian'),
('5','2','6783345672','1','6879000236','Norwegian'),
('5','2','6785534550','1','6879000236','Norwegian'),
('5','2','6781122334','4','6899099653','Indian'),
('5','2','6783345672','4','6899099653','Indian'),
('5','2','6785534550','4','6899099653','Indian'),
('5','2','6781122334','3','6900887525','Greek'),
('5','2','6783345672','3','6900887525','Greek'),
('5','2','6785534550','3','6900887525','Greek'),
('5','2','6781122334','2','6942312886','German'),
('5','2','6783345672','2','6942312886','German'),
('5','2','6785534550','2','6942312886','German'),
('5','2','6781122334','5','6962217839','Thai'),
('5','2','6783345672','5','6962217839','Thai'),
('5','2','6785534550','5','6962217839','Thai'),
('5','3','6900887525','1','6965342879','French'),
('5','3','6942312886','1','6965342879','French'),
('5','3','6962217839','1','6965342879','French'),
('5','3','6900887525','4','6965443776','Chinese'),
('5','3','6942312886','4','6965443776','Chinese'),
('5','3','6962217839','4','6965443776','Chinese'),
('5','3','6900887525','3','6970010020','Turkish'),
('5','3','6942312886','3','6970010020','Turkish'),
('5','3','6962217839','3','6970010020','Turkish'),
('5','3','6900887525','2','6970021005','Canadian'),
('5','3','6942312886','2','6970021005','Canadian'),
('5','3','6962217839','2','6970021005','Canadian'),
('5','3','6900887525','5','6970031388','Greek'),
('5','3','6942312886','5','6970031388','Greek'),
('5','3','6962217839','5','6970031388','Greek'),
('5','3','6900887525','1','6971010610','Italian'),
('5','3','6942312886','1','6971010610','Italian'),
('5','3','6962217839','1','6971010610','Italian'),
('5','3','6900887525','4','6971813344','Mexican'),
('5','3','6942312886','4','6971813344','Mexican'),
('5','3','6962217839','4','6971813344','Mexican'),
('5','3','6900887525','3','6971817733','Norwegian'),
('5','3','6942312886','3','6971817733','Norwegian'),
('5','3','6962217839','3','6971817733','Norwegian'),
('5','3','6900887525','2','6972318363','Swedish'),
('5','3','6942312886','2','6972318363','Swedish'),
('5','3','6962217839','2','6972318363','Swedish'),
('5','3','6900887525','5','6975423244','American'),
('5','3','6942312886','5','6975423244','American'),
('5','3','6962217839','5','6975423244','American'),
('5','4','6971817733','1','6975436653','Indian'),
('5','4','6972318363','1','6975436653','Indian'),
('5','4','6975423244','1','6975436653','Indian'),
('5','4','6971817733','4','6975667744','Russian'),
('5','4','6972318363','4','6975667744','Russian'),
('5','4','6975423244','4','6975667744','Russian'),
('5','4','6971817733','3','6978181268','Thai'),
('5','4','6972318363','3','6978181268','Thai'),
('5','4','6975423244','3','6978181268','Thai'),
('5','4','6971817733','2','6978324665','Italian'),
('5','4','6972318363','2','6978324665','Italian'),
('5','4','6975423244','2','6978324665','Italian'),
('5','4','6971817733','5','6978654344','Norwegian'),
('5','4','6972318363','5','6978654344','Norwegian'),
('5','4','6975423244','5','6978654344','Norwegian'),
('5','4','6971817733','1','6978806412','Chinese'),
('5','4','6972318363','1','6978806412','Chinese'),
('5','4','6975423244','1','6978806412','Chinese'),
('5','4','6971817733','4','6980021023','Turkish'),
('5','4','6972318363','4','6980021023','Turkish'),
('5','4','6975423244','4','6980021023','Turkish'),
('5','4','6971817733','3','6980045221','Bulgarian'),
('5','4','6972318363','3','6980045221','Bulgarian'),
('5','4','6975423244','3','6980045221','Bulgarian'),
('5','4','6971817733','2','6980055436','Mexican'),
('5','4','6972318363','2','6980055436','Mexican'),
('5','4','6975423244','2','6980055436','Mexican'),
('5','4','6971817733','5','6981237889','Finnish'),
('5','4','6972318363','5','6981237889','Finnish'),
('5','4','6975423244','5','6981237889','Finnish'),
('5','5','6980045221','1','6981278204','Indian'),
('5','5','6980055436','1','6981278204','Indian'),
('5','5','6981237889','1','6981278204','Indian'),
('5','5','6980045221','4','6981390033','German'),
('5','5','6980055436','4','6981390033','German'),
('5','5','6981237889','4','6981390033','German'),
('5','5','6980045221','3','6983244591','Swedish'),
('5','5','6980055436','3','6983244591','Swedish'),
('5','5','6981237889','3','6983244591','Swedish'),
('5','5','6980045221','2','6983428772','Greek'),
('5','5','6980055436','2','6983428772','Greek'),
('5','5','6981237889','2','6983428772','Greek'),
('5','5','6980045221','5','6985543567','Canadian'),
('5','5','6980055436','5','6985543567','Canadian'),
('5','5','6981237889','5','6985543567','Canadian'),
('5','5','6980045221','1','6988723891','Chinese'),
('5','5','6980055436','1','6988723891','Chinese'),
('5','5','6981237889','1','6988723891','Chinese'),
('5','5','6980045221','4','6988821375','American'),
('5','5','6980055436','4','6988821375','American'),
('5','5','6981237889','4','6988821375','American'),
('5','5','6980045221','3','6989932400','Danish'),
('5','5','6980055436','3','6989932400','Danish'),
('5','5','6981237889','3','6989932400','Danish'),
('5','5','6980045221','2','6992178391','French'),
('5','5','6980055436','2','6992178391','French'),
('5','5','6981237889','2','6992178391','French'),
('5','5','6980045221','5','6992634810','Thai'),
('5','5','6980055436','5','6992634810','Thai'),
('5','5','6981237889','5','6992634810','Thai'),
('5','6','6980045221','2','6981278204','Indian'),
('5','6','6981237889','2','6981278204','Indian'),
('5','6','6983428772','2','6981278204','Indian'),
('5','6','6980045221','3','6981390033','Italian'),
('5','6','6981237889','3','6981390033','Italian'),
('5','6','6983428772','3','6981390033','Italian'),
('5','6','6980045221','5','6983244591','Swedish'),
('5','6','6981237889','5','6983244591','Swedish'),
('5','6','6983428772','5','6983244591','Swedish'),
('5','6','6980045221','1','6983428772','Thai'),
('5','6','6981237889','1','6983428772','Thai'),
('5','6','6983428772','1','6983428772','Thai'),
('5','6','6980045221','4','6985543567','German'),
('5','6','6981237889','4','6985543567','German'),
('5','6','6983428772','4','6985543567','German'),
('5','6','6980045221','3','6988723891','Chinese'),
('5','6','6981237889','3','6988723891','Chinese'),
('5','6','6983428772','3','6988723891','Chinese'),
('5','6','6980045221','2','6988821375','Turkish'),
('5','6','6981237889','2','6988821375','Turkish'),
('5','6','6983428772','2','6988821375','Turkish'),
('5','6','6980045221','5','6989932400','Danish'),
('5','6','6981237889','5','6989932400','Danish'),
('5','6','6983428772','5','6989932400','Danish'),
('5','6','6980045221','4','6992178391','French'),
('5','6','6981237889','4','6992178391','French'),
('5','6','6983428772','4','6992178391','French'),
('5','6','6980045221','1','6992634810','Greek'),
('5','6','6981237889','1','6992634810','Greek'),
('5','6','6983428772','1','6992634810','Greek'),
('5','7','6098329128','2','6981278204','Indian'),
('5','7','6970010020','2','6981278204','Indian'),
('5','7','6980045221','2','6981278204','Indian'),
('5','7','6098329128','3','6981390033','Italian'),
('5','7','6970010020','3','6981390033','Italian'),
('5','7','6980045221','3','6981390033','Italian'),
('5','7','6098329128','5','6983244591','Swedish'),
('5','7','6970010020','5','6983244591','Swedish'),
('5','7','6980045221','5','6983244591','Swedish'),
('5','7','6098329128','1','6983428772','Thai'),
('5','7','6970010020','1','6983428772','Thai'),
('5','7','6980045221','1','6983428772','Thai'),
('5','7','6098329128','4','6985543567','German'),
('5','7','6970010020','4','6985543567','German'),
('5','7','6980045221','4','6985543567','German'),
('5','7','6098329128','3','6988723891','Chinese'),
('5','7','6970010020','3','6988723891','Chinese'),
('5','7','6980045221','3','6988723891','Chinese'),
('5','7','6098329128','2','6988821375','Turkish'),
('5','7','6970010020','2','6988821375','Turkish'),
('5','7','6980045221','2','6988821375','Turkish'),
('5','7','6098329128','5','6989932400','Danish'),
('5','7','6970010020','5','6989932400','Danish'),
('5','7','6980045221','5','6989932400','Danish'),
('5','7','6098329128','4','6992178391','French'),
('5','7','6970010020','4','6992178391','French'),
('5','7','6980045221','4','6992178391','French'),
('5','7','6098329128','1','6992634810','Greek'),
('5','7','6970010020','1','6992634810','Greek'),
('5','7','6980045221','1','6992634810','Greek'),
('5','8','6789002001','1','6098329128','Finnish'),
('5','8','6789002343','1','6098329128','Finnish'),
('5','8','6789008567','1','6098329128','Finnish'),
('5','8','6789002001','4','6574568300','French'),
('5','8','6789002343','4','6574568300','French'),
('5','8','6789008567','4','6574568300','French'),
('5','8','6789002001','3','6729103481','German'),
('5','8','6789002343','3','6729103481','German'),
('5','8','6789008567','3','6729103481','German'),
('5','8','6789002001','2','6754332862','Greek'),
('5','8','6789002343','2','6754332862','Greek'),
('5','8','6789008567','2','6754332862','Greek'),
('5','8','6789002001','5','6778912294','Chinese'),
('5','8','6789002343','5','6778912294','Chinese'),
('5','8','6789008567','5','6778912294','Chinese'),
('5','8','6789002001','1','6781122334','American'),
('5','8','6789002343','1','6781122334','American'),
('5','8','6789008567','1','6781122334','American'),
('5','8','6789002001','4','6783345672','Bulgarian'),
('5','8','6789002343','4','6783345672','Bulgarian'),
('5','8','6789008567','4','6783345672','Bulgarian'),
('5','8','6789002001','3','6783618927','Icelandic'),
('5','8','6789002343','3','6783618927','Icelandic'),
('5','8','6789008567','3','6783618927','Icelandic'),
('5','8','6789002001','2','6785534550','Greek'),
('5','8','6789002343','2','6785534550','Greek'),
('5','8','6789008567','2','6785534550','Greek'),
('5','8','6789002001','5','6788980024','American'),
('5','8','6789002343','5','6788980024','American'),
('5','8','6789008567','5','6788980024','American'),
('5','9','6970021005','1','6789201727','German'),
('5','9','6970031388','1','6789201727','German'),
('5','9','6971010610','1','6789201727','German'),
('5','9','6970021005','4','6874326800','French'),
('5','9','6970031388','4','6874326800','French'),
('5','9','6971010610','4','6874326800','French'),
('5','9','6970021005','3','6879000236','Norwegian'),
('5','9','6970031388','3','6879000236','Norwegian'),
('5','9','6971010610','3','6879000236','Norwegian'),
('5','9','6970021005','2','6899099653','Chinese'),
('5','9','6970031388','2','6899099653','Chinese'),
('5','9','6971010610','2','6899099653','Chinese'),
('5','9','6970021005','5','6900887525','Greek'),
('5','9','6970031388','5','6900887525','Greek'),
('5','9','6971010610','5','6900887525','Greek'),
('5','9','6970021005','1','6942312886','Chinese'),
('5','9','6970031388','1','6942312886','Chinese'),
('5','9','6971010610','1','6942312886','Chinese'),
('5','9','6970021005','4','6962217839','Indian'),
('5','9','6970031388','4','6962217839','Indian'),
('5','9','6971010610','4','6962217839','Indian'),
('5','9','6970021005','3','6965342879','French'),
('5','9','6970031388','3','6965342879','French'),
('5','9','6971010610','3','6965342879','French'),
('5','9','6970021005','2','6965443776','Chinese'),
('5','9','6970031388','2','6965443776','Chinese'),
('5','9','6971010610','2','6965443776','Chinese'),
('5','9','6970021005','5','6970010020','German'),
('5','9','6970031388','5','6970010020','German'),
('5','9','6971010610','5','6970010020','German'),
('6','1','6789002001','1','6098329128','Finnish'),
('6','1','6789002343','1','6098329128','Finnish'),
('6','1','6789008567','1','6098329128','Finnish'),
('6','1','6789002001','4','6574568300','French'),
('6','1','6789002343','4','6574568300','French'),
('6','1','6789008567','4','6574568300','French'),
('6','1','6789002001','3','6729103481','German'),
('6','1','6789002343','3','6729103481','German'),
('6','1','6789008567','3','6729103481','German'),
('6','1','6789002001','2','6754332862','Greek'),
('6','1','6789002343','2','6754332862','Greek'),
('6','1','6789008567','2','6754332862','Greek'),
('6','1','6789002001','5','6778912294','Chinese'),
('6','1','6789002343','5','6778912294','Chinese'),
('6','1','6789008567','5','6778912294','Chinese'),
('6','1','6789002001','1','6781122334','American'),
('6','1','6789002343','1','6781122334','American'),
('6','1','6789008567','1','6781122334','American'),
('6','1','6789002001','4','6783345672','Bulgarian'),
('6','1','6789002343','4','6783345672','Bulgarian'),
('6','1','6789008567','4','6783345672','Bulgarian'),
('6','1','6789002001','3','6783618927','Icelandic'),
('6','1','6789002343','3','6783618927','Icelandic'),
('6','1','6789008567','3','6783618927','Icelandic'),
('6','1','6789002001','2','6785534550','Greek'),
('6','1','6789002343','2','6785534550','Greek'),
('6','1','6789008567','2','6785534550','Greek'),
('6','1','6789002001','5','6788980024','American'),
('6','1','6789002343','5','6788980024','American'),
('6','1','6789008567','5','6788980024','American'),
('6','10','6789002343','1','6098329128','Finnish'),
('6','10','6975667744','1','6098329128','Finnish'),
('6','10','6978181268','1','6098329128','Finnish'),
('6','10','6789002343','4','6574568300','French'),
('6','10','6975667744','4','6574568300','French'),
('6','10','6978181268','4','6574568300','French'),
('6','10','6789002343','3','6729103481','German'),
('6','10','6975667744','3','6729103481','German'),
('6','10','6978181268','3','6729103481','German'),
('6','10','6789002343','2','6754332862','Greek'),
('6','10','6975667744','2','6754332862','Greek'),
('6','10','6978181268','2','6754332862','Greek'),
('6','10','6789002343','5','6778912294','Chinese'),
('6','10','6975667744','5','6778912294','Chinese'),
('6','10','6978181268','5','6778912294','Chinese'),
('6','10','6789002343','1','6781122334','American'),
('6','10','6975667744','1','6781122334','American'),
('6','10','6978181268','1','6781122334','American'),
('6','10','6789002343','4','6783345672','Bulgarian'),
('6','10','6975667744','4','6783345672','Bulgarian'),
('6','10','6978181268','4','6783345672','Bulgarian'),
('6','10','6789002343','3','6785534550','Turkish'),
('6','10','6975667744','3','6785534550','Turkish'),
('6','10','6978181268','3','6785534550','Turkish'),
('6','10','6789002343','2','6788980024','Italian'),
('6','10','6975667744','2','6788980024','Italian'),
('6','10','6978181268','2','6788980024','Italian'),
('6','10','6789002343','5','6789002001','Indian'),
('6','10','6975667744','5','6789002001','Indian'),
('6','10','6978181268','5','6789002001','Indian'),
('6','2','6789008567','1','6874326800','French'),
('6','2','6970031388','1','6874326800','French'),
('6','2','6971010610','1','6874326800','French'),
('6','2','6789008567','4','6879000236','Norwegian'),
('6','2','6970031388','4','6879000236','Norwegian'),
('6','2','6971010610','4','6879000236','Norwegian'),
('6','2','6789008567','3','6899099653','Chinese'),
('6','2','6970031388','3','6899099653','Chinese'),
('6','2','6971010610','3','6899099653','Chinese'),
('6','2','6789008567','2','6900887525','Greek'),
('6','2','6970031388','2','6900887525','Greek'),
('6','2','6971010610','2','6900887525','Greek'),
('6','2','6789008567','5','6942312886','Chinese'),
('6','2','6970031388','5','6942312886','Chinese'),
('6','2','6971010610','5','6942312886','Chinese'),
('6','2','6789008567','1','6962217839','Indian'),
('6','2','6970031388','1','6962217839','Indian'),
('6','2','6971010610','1','6962217839','Indian'),
('6','2','6789008567','4','6965342879','French'),
('6','2','6970031388','4','6965342879','French'),
('6','2','6971010610','4','6965342879','French'),
('6','2','6789008567','3','6965443776','Chinese'),
('6','2','6970031388','3','6965443776','Chinese'),
('6','2','6971010610','3','6965443776','Chinese'),
('6','2','6789008567','2','6970010020','German'),
('6','2','6970031388','2','6970010020','German'),
('6','2','6971010610','2','6970010020','German'),
('6','2','6789008567','5','6970021005','Canadian'),
('6','2','6970031388','5','6970021005','Canadian'),
('6','2','6971010610','5','6970021005','Canadian'),
('6','3','6789002001','1','6098329128','Finnish'),
('6','3','6789002343','1','6098329128','Finnish'),
('6','3','6970021005','1','6098329128','Finnish'),
('6','3','6789002001','4','6574568300','French'),
('6','3','6789002343','4','6574568300','French'),
('6','3','6970021005','4','6574568300','French'),
('6','3','6789002001','3','6729103481','German'),
('6','3','6789002343','3','6729103481','German'),
('6','3','6970021005','3','6729103481','German'),
('6','3','6789002001','2','6754332862','Greek'),
('6','3','6789002343','2','6754332862','Greek'),
('6','3','6970021005','2','6754332862','Greek'),
('6','3','6789002001','5','6778912294','Chinese'),
('6','3','6789002343','5','6778912294','Chinese'),
('6','3','6970021005','5','6778912294','Chinese'),
('6','3','6789002001','1','6781122334','American'),
('6','3','6789002343','1','6781122334','American'),
('6','3','6970021005','1','6781122334','American'),
('6','3','6789002001','4','6783345672','Bulgarian'),
('6','3','6789002343','4','6783345672','Bulgarian'),
('6','3','6970021005','4','6783345672','Bulgarian'),
('6','3','6789002001','3','6783618927','Icelandic'),
('6','3','6789002343','3','6783618927','Icelandic'),
('6','3','6970021005','3','6783618927','Icelandic'),
('6','3','6789002001','2','6785534550','Greek'),
('6','3','6789002343','2','6785534550','Greek'),
('6','3','6970021005','2','6785534550','Greek'),
('6','3','6789002001','5','6788980024','American'),
('6','3','6789002343','5','6788980024','American'),
('6','3','6970021005','5','6788980024','American'),
('6','4','6783345672','1','6098329128','Finnish'),
('6','4','6789002001','1','6098329128','Finnish'),
('6','4','6789002343','1','6098329128','Finnish'),
('6','4','6783345672','4','6574568300','French'),
('6','4','6789002001','4','6574568300','French'),
('6','4','6789002343','4','6574568300','French'),
('6','4','6783345672','3','6729103481','German'),
('6','4','6789002001','3','6729103481','German'),
('6','4','6789002343','3','6729103481','German'),
('6','4','6783345672','2','6754332862','Greek'),
('6','4','6789002001','2','6754332862','Greek'),
('6','4','6789002343','2','6754332862','Greek'),
('6','4','6783345672','5','6778912294','Chinese'),
('6','4','6789002001','5','6778912294','Chinese'),
('6','4','6789002343','5','6778912294','Chinese'),
('6','4','6783345672','1','6781122334','American'),
('6','4','6789002001','1','6781122334','American'),
('6','4','6789002343','1','6781122334','American'),
('6','4','6783345672','4','6783345672','Bulgarian'),
('6','4','6789002001','4','6783345672','Bulgarian'),
('6','4','6789002343','4','6783345672','Bulgarian'),
('6','4','6783345672','3','6783618927','Icelandic'),
('6','4','6789002001','3','6783618927','Icelandic'),
('6','4','6789002343','3','6783618927','Icelandic'),
('6','4','6783345672','2','6785534550','Greek'),
('6','4','6789002001','2','6785534550','Greek'),
('6','4','6789002343','2','6785534550','Greek'),
('6','4','6783345672','5','6788980024','American'),
('6','4','6789002001','5','6788980024','American'),
('6','4','6789002343','5','6788980024','American'),
('6','5','6970010020','1','6789008567','Danish'),
('6','5','6970021005','1','6789008567','Danish'),
('6','5','6970031388','1','6789008567','Danish'),
('6','5','6970010020','4','6789201727','German'),
('6','5','6970021005','4','6789201727','German'),
('6','5','6970031388','4','6789201727','German'),
('6','5','6970010020','3','6874326800','French'),
('6','5','6970021005','3','6874326800','French'),
('6','5','6970031388','3','6874326800','French'),
('6','5','6970010020','2','6879000236','Norwegian'),
('6','5','6970021005','2','6879000236','Norwegian'),
('6','5','6970031388','2','6879000236','Norwegian'),
('6','5','6970010020','5','6899099653','Chinese'),
('6','5','6970021005','5','6899099653','Chinese'),
('6','5','6970031388','5','6899099653','Chinese'),
('6','5','6970010020','1','6900887525','Greek'),
('6','5','6970021005','1','6900887525','Greek'),
('6','5','6970031388','1','6900887525','Greek'),
('6','5','6970010020','4','6942312886','Chinese'),
('6','5','6970021005','4','6942312886','Chinese'),
('6','5','6970031388','4','6942312886','Chinese'),
('6','5','6970010020','3','6962217839','Indian'),
('6','5','6970021005','3','6962217839','Indian'),
('6','5','6970031388','3','6962217839','Indian'),
('6','5','6970010020','2','6965342879','French'),
('6','5','6970021005','2','6965342879','French'),
('6','5','6970031388','2','6965342879','French'),
('6','5','6970010020','5','6965443776','Chinese'),
('6','5','6970021005','5','6965443776','Chinese'),
('6','5','6970031388','5','6965443776','Chinese'),
('6','6','6971010610','1','6972318363','Chinese'),
('6','6','6971813344','1','6972318363','Chinese'),
('6','6','6971817733','1','6972318363','Chinese'),
('6','6','6971010610','4','6975423244','American'),
('6','6','6971813344','4','6975423244','American'),
('6','6','6971817733','4','6975423244','American'),
('6','6','6971010610','3','6975436653','German'),
('6','6','6971813344','3','6975436653','German'),
('6','6','6971817733','3','6975436653','German'),
('6','6','6971010610','2','6975654109','Finnish'),
('6','6','6971813344','2','6975654109','Finnish'),
('6','6','6971817733','2','6975654109','Finnish'),
('6','6','6971010610','5','6975667744','German'),
('6','6','6971813344','5','6975667744','German'),
('6','6','6971817733','5','6975667744','German'),
('6','6','6971010610','1','6978181268','Greek'),
('6','6','6971813344','1','6978181268','Greek'),
('6','6','6971817733','1','6978181268','Greek'),
('6','6','6971010610','4','6978324665','French'),
('6','6','6971813344','4','6978324665','French'),
('6','6','6971817733','4','6978324665','French'),
('6','6','6971010610','3','6978654344','Norwegian'),
('6','6','6971813344','3','6978654344','Norwegian'),
('6','6','6971817733','3','6978654344','Norwegian'),
('6','6','6971010610','2','6978806412','Chinese'),
('6','6','6971813344','2','6978806412','Chinese'),
('6','6','6971817733','2','6978806412','Chinese'),
('6','6','6971010610','5','6980021023','Canadian'),
('6','6','6971813344','5','6980021023','Canadian'),
('6','6','6971817733','5','6980021023','Canadian'),
('6','7','6789002001','1','6098329128','Finnish'),
('6','7','6789002343','1','6098329128','Finnish'),
('6','7','6980021023','1','6098329128','Finnish'),
('6','7','6789002001','4','6574568300','French'),
('6','7','6789002343','4','6574568300','French'),
('6','7','6980021023','4','6574568300','French'),
('6','7','6789002001','3','6729103481','German'),
('6','7','6789002343','3','6729103481','German'),
('6','7','6980021023','3','6729103481','German'),
('6','7','6789002001','2','6754332862','Greek'),
('6','7','6789002343','2','6754332862','Greek'),
('6','7','6980021023','2','6754332862','Greek'),
('6','7','6789002001','5','6778912294','Chinese'),
('6','7','6789002343','5','6778912294','Chinese'),
('6','7','6980021023','5','6778912294','Chinese'),
('6','7','6789002001','1','6781122334','American'),
('6','7','6789002343','1','6781122334','American'),
('6','7','6980021023','1','6781122334','American'),
('6','7','6789002001','4','6783345672','Bulgarian'),
('6','7','6789002343','4','6783345672','Bulgarian'),
('6','7','6980021023','4','6783345672','Bulgarian'),
('6','7','6789002001','3','6783618927','Icelandic'),
('6','7','6789002343','3','6783618927','Icelandic'),
('6','7','6980021023','3','6783618927','Icelandic'),
('6','7','6789002001','2','6785534550','Turkish'),
('6','7','6789002343','2','6785534550','Turkish'),
('6','7','6980021023','2','6785534550','Turkish'),
('6','7','6789002001','5','6788980024','Italian'),
('6','7','6789002343','5','6788980024','Italian'),
('6','7','6980021023','5','6788980024','Italian'),
('6','8','6789008567','1','6789201727','Swedish'),
('6','8','6970010020','1','6789201727','Swedish'),
('6','8','6970021005','1','6789201727','Swedish'),
('6','8','6789008567','4','6789429391','Russian'),
('6','8','6970010020','4','6789429391','Russian'),
('6','8','6970021005','4','6789429391','Russian'),
('6','8','6789008567','3','6874326800','Norwegian'),
('6','8','6970010020','3','6874326800','Norwegian'),
('6','8','6970021005','3','6874326800','Norwegian'),
('6','8','6789008567','2','6879000236','Swedish'),
('6','8','6970010020','2','6879000236','Swedish'),
('6','8','6970021005','2','6879000236','Swedish'),
('6','8','6789008567','5','6899099653','Indian'),
('6','8','6970010020','5','6899099653','Indian'),
('6','8','6970021005','5','6899099653','Indian'),
('6','8','6789008567','1','6900887525','Italian'),
('6','8','6970010020','1','6900887525','Italian'),
('6','8','6970021005','1','6900887525','Italian'),
('6','8','6789008567','4','6942312886','German'),
('6','8','6970010020','4','6942312886','German'),
('6','8','6970021005','4','6942312886','German'),
('6','8','6789008567','3','6962217839','Thai'),
('6','8','6970010020','3','6962217839','Thai'),
('6','8','6970021005','3','6962217839','Thai'),
('6','8','6789008567','2','6965342879','Spanish'),
('6','8','6970010020','2','6965342879','Spanish'),
('6','8','6970021005','2','6965342879','Spanish'),
('6','8','6789008567','5','6965443776','Japanese'),
('6','8','6970010020','5','6965443776','Japanese'),
('6','8','6970021005','5','6965443776','Japanese'),
('6','9','6942312886','1','6970031388','Japanese'),
('6','9','6965342879','1','6970031388','Japanese'),
('6','9','6965443776','1','6970031388','Japanese'),
('6','9','6942312886','4','6971010610','Italian'),
('6','9','6965342879','4','6971010610','Italian'),
('6','9','6965443776','4','6971010610','Italian'),
('6','9','6942312886','3','6971813344','Mexican'),
('6','9','6965342879','3','6971813344','Mexican'),
('6','9','6965443776','3','6971813344','Mexican'),
('6','9','6942312886','2','6971817733','Norwegian'),
('6','9','6965342879','2','6971817733','Norwegian'),
('6','9','6965443776','2','6971817733','Norwegian'),
('6','9','6942312886','5','6972318363','Swedish'),
('6','9','6965342879','5','6972318363','Swedish'),
('6','9','6965443776','5','6972318363','Swedish'),
('6','9','6942312886','1','6975423244','American'),
('6','9','6965342879','1','6975423244','American'),
('6','9','6965443776','1','6975423244','American'),
('6','9','6942312886','4','6975436653','Indian'),
('6','9','6965342879','4','6975436653','Indian'),
('6','9','6965443776','4','6975436653','Indian'),
('6','9','6942312886','3','6975654109','Finnish'),
('6','9','6965342879','3','6975654109','Finnish'),
('6','9','6965443776','3','6975654109','Finnish'),
('6','9','6942312886','2','6975667744','Russian'),
('6','9','6965342879','2','6975667744','Russian'),
('6','9','6965443776','2','6975667744','Russian'),
('6','9','6942312886','5','6978181268','Thai'),
('6','9','6965342879','5','6978181268','Thai'),
('6','9','6965443776','5','6978181268','Thai');
/*!40000 ALTER TABLE `episodes` ENABLE KEYS */;
UNLOCK TABLES;

--
-- Table structure for table `equipment`
--

DROP TABLE IF EXISTS `equipment`;
/*!40101 SET @saved_cs_client     = @@character_set_client */;
/*!40101 SET character_set_client = utf8 */;
CREATE TABLE `equipment` (
  `name` varchar(30) NOT NULL,
  `description` varchar(200) NOT NULL DEFAULT '',
  PRIMARY KEY (`name`)
) ENGINE=InnoDB DEFAULT CHARSET=latin1 COLLATE=latin1_swedish_ci;
/*!40101 SET character_set_client = @saved_cs_client */;

--
-- Dumping data for table `equipment`
--

LOCK TABLES `equipment` WRITE;
/*!40000 ALTER TABLE `equipment` DISABLE KEYS */;
INSERT INTO `equipment` VALUES
('Baking Sheet','A flat, metal sheet used for baking and roasting.'),
('Basting Brush','A brush used for applying liquid, such as oil or marinade, to food while cooking.'),
('Blender','A kitchen appliance used for blending and pureeing.'),
('Casserole Dish','A deep dish used for baking casseroles and other oven dishes.'),
('Chef\'s Knife','A versatile, all-purpose knife used for chopping, slicing, and mincing.'),
('Coffee Maker','A machine used for brewing coffee by percolation or drip methods.'),
('Colander','A perforated bowl used for draining liquids from food.'),
('Cookie Sheet','A flat, rectangular metal sheet used for baking cookies and other baked goods.'),
('Crock-Pot','A brand of slow cooker commonly used for cooking stews, soups, and roasts.'),
('Cutting Board','A flat board used for chopping and preparing food.'),
('Cutting Shears','Scissors specifically designed for cutting food items.'),
('Electric Can Opener','A kitchen appliance used for opening cans automatically with minimal effort.'),
('Electric Grill','An indoor grill powered by electricity, used for grilling meats, vegetables, and sandwiches.'),
('Electric Kettle','A countertop appliance used for boiling water quickly.'),
('Electric Skillet','A frying pan with an electric heating element, used for frying and sauting.'),
('Food Processor','A kitchen appliance for chopping, blending, pureeing ingredients.'),
('Frying Pan','A shallow pan with a long handle, used for frying food.'),
('Garlic Press','A tool used to crush garlic cloves to extract their flavor.'),
('Grater','A tool with sharp edges used for shredding food.'),
('Hand Mixer','An electric handheld mixer used for beating, whipping, and blending ingredients.'),
('Handheld Can Opener','A manual device with a rotating wheel used for opening cans by hand.'),
('Immersion Blender','A handheld blender used for blending soups, sauces, and smoothies directly in the pot or container.'),
('Knife','A sharp tool used for cutting and chopping ingredients.'),
('Ladle','A large spoon with a long handle, used for serving soups and stews.'),
('Measuring Cup','A cup with marked measurements used for precise measuring of ingredients.'),
('Meat Thermometer','A thermometer used to measure the internal temperature of meat and poultry.'),
('Microwave Oven','An appliance used for heating and cooking food quickly using microwave radiation.'),
('Mixing Bowl','A deep bowl used for mixing ingredients.'),
('Mixing Spoon','A spoon used for stirring and mixing ingredients.'),
('Muffin Pan','A pan with individual cup-shaped depressions used for baking muffins and cupcakes.'),
('Oven Mitts','Insulated gloves used for handling hot dishes and trays from the oven.'),
('Oven Thermometer','A thermometer used to monitor the temperature inside an oven.'),
('Paring Knife','A small knife with a pointed blade used for peeling and slicing fruits and vegetables.'),
('Pastry Brush','A brush used for applying glazes or sauces to baked goods.'),
('Pastry Cutter','A tool with a handle and curved blades used to cut fat into flour when making pastry dough.'),
('Peeler','A tool used for removing the outer skin of fruits and vegetables.'),
('Pepper Grinder','A device used for grinding peppercorns to add freshly ground pepper to dishes.'),
('Pot','A deep cooking vessel with handles and often a lid.'),
('Potato Masher','A tool used to mash cooked potatoes or other soft foods.'),
('Pressure Cooker','A sealed pot with a pressure release valve used for cooking food quickly under steam pressure.'),
('Rice Cooker','An appliance used for cooking rice automatically with precise temperature control.'),
('Rice Cooker Insert','A removable inner pot used for cooking rice inside a rice cooker.'),
('Rolling Pin','A cylindrical tool used for rolling out dough.'),
('Salad Spinner','A kitchen tool used to wash and dry salad greens.'),
('Saucepan','A small, deep cooking vessel with a handle and lid.'),
('Serrated Knife','A knife with a serrated edge, used for slicing bread and delicate items.'),
('Skillet','A flat-bottomed pan with low sides, used for frying or sauting.'),
('Slotted Spoon','A spoon with slots or holes used for draining liquids when serving.'),
('Slow Cooker','A countertop appliance used for cooking food slowly at low temperatures over several hours.'),
('Spatula','A flat, flexible tool used for flipping and stirring.'),
('Stand Mixer','A countertop appliance with a stand and mixing bowl used for mixing and kneading dough and batter.'),
('Strainer','A perforated bowl-shaped sieve used for straining liquids or separating solids from liquids.'),
('Toaster','A kitchen appliance used for toasting bread slices.'),
('Toaster Oven','A small countertop appliance used for toasting, baking, and broiling food.'),
('Toaster Oven Rack','A removable metal rack used for holding food inside a toaster oven.'),
('Tongs','A utensil with two arms and a pivot, used for gripping and lifting.'),
('Whisk','A utensil with wire loops used for beating and mixing.'),
('Wok','A versatile round-bottomed cooking vessel with high sides, used for stir-frying, steaming, and deep-frying.'),
('Wooden Spoon','A sturdy spoon made of wood, used for stirring.');
/*!40000 ALTER TABLE `equipment` ENABLE KEYS */;
UNLOCK TABLES;

--
-- Table structure for table `equipment_for_recipes`
--

DROP TABLE IF EXISTS `equipment_for_recipes`;
/*!40101 SET @saved_cs_client     = @@character_set_client */;
/*!40101 SET character_set_client = utf8 */;
CREATE TABLE `equipment_for_recipes` (
  `recipe` varchar(50) NOT NULL,
  `equipment` varchar(30) NOT NULL,
  PRIMARY KEY (`recipe`,`equipment`),
  KEY `equipment_for_recipes_equipment_FK` (`equipment`),
  CONSTRAINT `equipment_for_recipes_equipment_FK` FOREIGN KEY (`equipment`) REFERENCES `equipment` (`name`) ON DELETE CASCADE ON UPDATE CASCADE,
  CONSTRAINT `equipment_for_recipes_recipes_FK` FOREIGN KEY (`recipe`) REFERENCES `recipes` (`name`) ON DELETE CASCADE ON UPDATE CASCADE
) ENGINE=InnoDB DEFAULT CHARSET=latin1 COLLATE=latin1_swedish_ci;
/*!40101 SET character_set_client = @saved_cs_client */;

--
-- Dumping data for table `equipment_for_recipes`
--

LOCK TABLES `equipment_for_recipes` WRITE;
/*!40000 ALTER TABLE `equipment_for_recipes` DISABLE KEYS */;
INSERT INTO `equipment_for_recipes` VALUES
('American Apple Pie','Baking Sheet'),
('American BBQ Ribs','Baking Sheet'),
('American Buffalo Wings','Baking Sheet'),
('French Croissants','Baking Sheet'),
('German Apple Strudel (Apfelstrudel)','Baking Sheet'),
('German Pretzels (Brezeln)','Baking Sheet'),
('American BBQ Ribs','Basting Brush'),
('Chinese Peking Duck','Basting Brush'),
('Canadian Nanaimo Bars','Blender'),
('Mexican Salsa Verde','Blender'),
('Bulgarian Banitsa','Casserole Dish'),
('French Beef Bourguignon','Chef\'s Knife'),
('French Coq au Vin','Chef\'s Knife'),
('German Sauerbraten','Chef\'s Knife'),
('Greek Gyros','Chef\'s Knife'),
('American Macaroni and Cheese','Colander'),
('Bulgarian Shopska Salad','Cutting Board'),
('Chinese Beef and Broccoli Stir-Fry','Cutting Board'),
('Chinese Chow Mein','Cutting Board'),
('Chinese Kung Pao Chicken','Cutting Board'),
('Chinese Sweet and Sour Pork','Cutting Board'),
('Danish Smrrebrd','Cutting Board'),
('Finnish Salmon Soup (Lohikeitto)','Cutting Board'),
('French Beef Bourguignon','Cutting Board'),
('French Coq au Vin','Cutting Board'),
('German Goulash Soup','Cutting Board'),
('Greek Greek Salad','Cutting Board'),
('Greek Gyros','Cutting Board'),
('Italian Caprese Salad','Cutting Board'),
('Mexican Chicken Fajitas','Cutting Board'),
('Mexican Quesadillas','Cutting Board'),
('Mexican Salsa Verde','Cutting Board'),
('Mexican Tacos','Cutting Board'),
('Norwegian Salmon Gravlax','Cutting Board'),
('Russian Olivier Salad','Cutting Board'),
('Thai Green Curry with Chicken','Cutting Board'),
('Thai Green Curry with Vegetables','Cutting Board'),
('Thai Pad See Ew','Cutting Board'),
('Thai Pad Thai','Cutting Board'),
('Thai Red Curry with Chicken','Cutting Board'),
('American Macaroni and Cheese','Frying Pan'),
('Canadian Poutine','Frying Pan'),
('Chinese Beef and Broccoli Stir-Fry','Frying Pan'),
('Chinese Chow Mein','Frying Pan'),
('Chinese Dumplings (Jiaozi)','Frying Pan'),
('Chinese Egg Rolls','Frying Pan'),
('Chinese Fried Rice','Frying Pan'),
('Chinese Kung Pao Chicken','Frying Pan'),
('Chinese Sweet and Sour Pork','Frying Pan'),
('Finnish Karelian Pasties (Karjalanpiirakat)','Frying Pan'),
('French Croque Monsieur','Frying Pan'),
('German Schnitzel','Frying Pan'),
('Indian Samosas','Frying Pan'),
('Indian Vegetable Pakora','Frying Pan'),
('Thai Pineapple Fried Rice','Frying Pan'),
('German Potato Pancakes (Kartoffelpuffer)','Grater'),
('Greek Tzatziki Sauce','Grater'),
('Bulgarian Shopska Salad','Knife'),
('Canadian Poutine','Knife'),
('Chinese Egg Rolls','Knife'),
('Chinese Kung Pao Chicken','Knife'),
('Chinese Sweet and Sour Pork','Knife'),
('Danish Smrrebrd','Knife'),
('German Bratwurst','Knife'),
('German Red Cabbage (Rotkohl)','Knife'),
('German Sauerkraut','Knife'),
('Greek Greek Salad','Knife'),
('Greek Tzatziki Sauce','Knife'),
('Indian Chicken Biryani','Knife'),
('Indian Chicken Curry','Knife'),
('Indian Vegetable Biryani','Knife'),
('Italian Caprese Salad','Knife'),
('Italian Fettuccine Alfredo','Knife'),
('Mexican Chicken Fajitas','Knife'),
('Mexican Guacamole','Knife'),
('Mexican Mexican Rice','Knife'),
('Mexican Quesadillas','Knife'),
('Mexican Salsa Verde','Knife'),
('Mexican Tacos','Knife'),
('Norwegian Salmon Gravlax','Knife'),
('Russian Beef Stroganoff','Knife'),
('Russian Olivier Salad','Knife'),
('Thai Green Curry with Chicken','Knife'),
('Thai Green Curry with Vegetables','Knife'),
('Thai Green Papaya Salad','Knife'),
('Thai Pad See Ew','Knife'),
('Thai Pad Thai','Knife'),
('Thai Red Curry with Chicken','Knife'),
('Thai Thai Green Papaya Salad','Knife'),
('Turkish Dolma','Knife'),
('Turkish Kebabs','Knife'),
('Chinese Egg Drop Soup','Ladle'),
('Chinese Hot and Sour Soup','Ladle'),
('Finnish Salmon Soup (Lohikeitto)','Ladle'),
('French French Onion Soup','Ladle'),
('French Onion Soup','Ladle'),
('German Goulash Soup','Ladle'),
('Indian Butter Chicken (Murgh Makhani)','Ladle'),
('Indian Chicken Tikka Masala','Ladle'),
('Indian Palak Paneer','Ladle'),
('Italian Italian Wedding Soup','Ladle'),
('Italian Minestrone Soup','Ladle'),
('Italian Risotto','Ladle'),
('Norwegian Krumkake','Ladle'),
('Russian Blini','Ladle'),
('Thai Tom Yum Soup','Ladle'),
('Turkish Dolma','Ladle'),
('Canadian Butter Tarts','Measuring Cup'),
('American Buffalo Wings','Mixing Bowl'),
('American New York Cheesecake','Mixing Bowl'),
('Bulgarian Banitsa','Mixing Bowl'),
('Bulgarian Shopska Salad','Mixing Bowl'),
('Canadian Butter Tarts','Mixing Bowl'),
('Canadian Nanaimo Bars','Mixing Bowl'),
('Chinese Dumplings (Jiaozi)','Mixing Bowl'),
('Danish bleskiver','Mixing Bowl'),
('Finnish Karelian Pasties (Karjalanpiirakat)','Mixing Bowl'),
('French Crepes','Mixing Bowl'),
('French Croissants','Mixing Bowl'),
('German Black Forest(Schwarzwlder Kirschtorte)','Mixing Bowl'),
('German Potato Pancakes (Kartoffelpuffer)','Mixing Bowl'),
('German Pretzels (Brezeln)','Mixing Bowl'),
('German Schnitzel','Mixing Bowl'),
('Greek Baklava','Mixing Bowl'),
('Greek Greek Moussaka','Mixing Bowl'),
('Greek Greek Salad','Mixing Bowl'),
('Greek Moussaka','Mixing Bowl'),
('Greek Souvlaki','Mixing Bowl'),
('Greek Spanakopita','Mixing Bowl'),
('Greek Tzatziki Sauce','Mixing Bowl'),
('Icelandic Skyr Cake (Skyrterta)','Mixing Bowl'),
('Indian Butter Chicken (Murgh Makhani)','Mixing Bowl'),
('Indian Chicken Tikka Masala','Mixing Bowl'),
('Indian Naan Bread','Mixing Bowl'),
('Indian Palak Paneer','Mixing Bowl'),
('Indian Samosas','Mixing Bowl'),
('Indian Vegetable Pakora','Mixing Bowl'),
('Italian Caprese Salad','Mixing Bowl'),
('Italian Lasagna','Mixing Bowl'),
('Italian Tiramisu','Mixing Bowl'),
('Mexican Chicken Enchiladas','Mixing Bowl'),
('Mexican Guacamole','Mixing Bowl'),
('Mexican Tamales','Mixing Bowl'),
('Norwegian Krumkake','Mixing Bowl'),
('Norwegian Lefse','Mixing Bowl'),
('Norwegian Salmon Gravlax','Mixing Bowl'),
('Russian Blini','Mixing Bowl'),
('Russian Olivier Salad','Mixing Bowl'),
('Russian Syrniki','Mixing Bowl'),
('Swedish Cinnamon Buns (Kanelbullar)','Mixing Bowl'),
('Swedish Meatballs (Kttbullar)','Mixing Bowl'),
('Thai Green Papaya Salad','Mixing Bowl'),
('Thai Thai Green Papaya Salad','Mixing Bowl'),
('Chinese Egg Drop Soup','Mixing Spoon'),
('Chinese Fried Rice','Mixing Spoon'),
('Chinese Hot and Sour Soup','Mixing Spoon'),
('German Red Cabbage (Rotkohl)','Mixing Spoon'),
('German Sauerkraut','Mixing Spoon'),
('Indian Chicken Biryani','Mixing Spoon'),
('Indian Chicken Curry','Mixing Spoon'),
('Indian Vegetable Biryani','Mixing Spoon'),
('Italian Fettuccine Alfredo','Mixing Spoon'),
('Italian Italian Wedding Soup','Mixing Spoon'),
('Italian Minestrone Soup','Mixing Spoon'),
('Italian Risotto','Mixing Spoon'),
('Mexican Mexican Rice','Mixing Spoon'),
('Russian Beef Stroganoff','Mixing Spoon'),
('Swedish Meatballs (Kttbullar)','Mixing Spoon'),
('Thai Mango Sticky Rice','Mixing Spoon'),
('Thai Pineapple Fried Rice','Mixing Spoon'),
('Thai Tom Yum Soup','Mixing Spoon'),
('Canadian Butter Tarts','Muffin Pan'),
('American Apple Pie','Pastry Brush'),
('French Croissants','Pastry Brush'),
('German Apple Strudel (Apfelstrudel)','Pastry Brush'),
('German Pretzels (Brezeln)','Pastry Brush'),
('Greek Spanakopita','Pastry Brush'),
('American Macaroni and Cheese','Pot'),
('Chinese Egg Drop Soup','Pot'),
('Chinese Hot and Sour Soup','Pot'),
('Finnish Salmon Soup (Lohikeitto)','Pot'),
('French French Onion Soup','Pot'),
('French Onion Soup','Pot'),
('German Goulash Soup','Pot'),
('German Red Cabbage (Rotkohl)','Pot'),
('German Sauerkraut','Pot'),
('Indian Chicken Biryani','Pot'),
('Indian Chicken Curry','Pot'),
('Indian Vegetable Biryani','Pot'),
('Italian Fettuccine Alfredo','Pot'),
('Italian Italian Wedding Soup','Pot'),
('Italian Minestrone Soup','Pot'),
('Italian Risotto','Pot'),
('Mexican Mexican Rice','Pot'),
('Russian Pelmeni','Pot'),
('Thai Mango Sticky Rice','Pot'),
('Thai Tom Yum Soup','Pot'),
('Turkish Dolma','Pot'),
('Indian Naan Bread','Rolling Pin'),
('Indian Samosas','Rolling Pin'),
('Italian Cannoli','Rolling Pin'),
('Mexican Churros','Rolling Pin'),
('Norwegian Lefse','Rolling Pin'),
('Russian Pelmeni','Rolling Pin'),
('Swedish Cinnamon Buns (Kanelbullar)','Rolling Pin'),
('Greek Baklava','Saucepan'),
('German Potato Pancakes (Kartoffelpuffer)','Skillet'),
('Greek Greek Moussaka','Skillet'),
('Greek Moussaka','Skillet'),
('Indian Butter Chicken (Murgh Makhani)','Skillet'),
('Indian Chicken Tikka Masala','Skillet'),
('Indian Naan Bread','Skillet'),
('Indian Palak Paneer','Skillet'),
('Italian Lasagna','Skillet'),
('Mexican Chicken Enchiladas','Skillet'),
('Mexican Chicken Fajitas','Skillet'),
('Mexican Quesadillas','Skillet'),
('Mexican Tacos','Skillet'),
('Russian Beef Stroganoff','Skillet'),
('Russian Syrniki','Skillet'),
('Swedish Meatballs (Kttbullar)','Skillet'),
('Indian Vegetable Pakora','Slotted Spoon'),
('Russian Pelmeni','Slotted Spoon'),
('French Crepes','Spatula'),
('French Croque Monsieur','Spatula'),
('Mexican Quesadillas','Spatula'),
('Mexican Tacos','Spatula'),
('Russian Syrniki','Spatula'),
('Thai Green Papaya Salad','Strainer'),
('Thai Thai Green Papaya Salad','Strainer'),
('German Bratwurst','Tongs'),
('Turkish Kebabs','Tongs'),
('Icelandic Skyr Cake (Skyrterta)','Whisk'),
('Chinese Beef and Broccoli Stir-Fry','Wok'),
('Chinese Chow Mein','Wok'),
('Chinese Fried Rice','Wok'),
('Chinese Kung Pao Chicken','Wok'),
('Chinese Sweet and Sour Pork','Wok'),
('Thai Green Curry with Chicken','Wok'),
('Thai Green Curry with Vegetables','Wok'),
('Thai Pad See Ew','Wok'),
('Thai Pad Thai','Wok'),
('Thai Pineapple Fried Rice','Wok'),
('Thai Red Curry with Chicken','Wok');
/*!40000 ALTER TABLE `equipment_for_recipes` ENABLE KEYS */;
UNLOCK TABLES;

--
-- Table structure for table `food_groups`
--

DROP TABLE IF EXISTS `food_groups`;
/*!40101 SET @saved_cs_client     = @@character_set_client */;
/*!40101 SET character_set_client = utf8 */;
CREATE TABLE `food_groups` (
  `name` varchar(50) NOT NULL,
  `description` varchar(100) NOT NULL,
  PRIMARY KEY (`name`),
  UNIQUE KEY `description` (`description`)
) ENGINE=InnoDB DEFAULT CHARSET=latin1 COLLATE=latin1_swedish_ci;
/*!40101 SET character_set_client = @saved_cs_client */;

--
-- Dumping data for table `food_groups`
--

LOCK TABLES `food_groups` WRITE;
/*!40000 ALTER TABLE `food_groups` DISABLE KEYS */;
INSERT INTO `food_groups` VALUES
('Red Meat','Beef, pork, poultry and products thereof.'),
('Cereals and Potatoes','Cereals, bread, pasta and potato varieties.'),
('White Meat','Chicken, turkey, duck & various other treatments.'),
('Eggs','Eggs and products thereof. '),
('Fish and Seafood','Fish and other seafood products.'),
('Fruits','Fresh fruits and fruit juices.'),
('Vegetables','Fresh vegetables and vegetable juices.'),
('Legumes','Lentils, beans, chickpeas and other varieties.'),
('Dairy Products','Milk, yogurt, cheese and their derivatives.'),
('Added fats and Oils, Olives and Nuts','Olive oil and olive oil-based products.');
/*!40000 ALTER TABLE `food_groups` ENABLE KEYS */;
UNLOCK TABLES;

--
-- Table structure for table `ingredients`
--

DROP TABLE IF EXISTS `ingredients`;
/*!40101 SET @saved_cs_client     = @@character_set_client */;
/*!40101 SET character_set_client = utf8 */;
CREATE TABLE `ingredients` (
  `ingredient` varchar(30) NOT NULL,
  `food_group` varchar(50) NOT NULL,
  PRIMARY KEY (`ingredient`),
  KEY `FK_grouped_food_groups` (`food_group`) USING BTREE,
  CONSTRAINT `ingredients_grouped_food_groups_FK` FOREIGN KEY (`food_group`) REFERENCES `food_groups` (`name`)
) ENGINE=InnoDB DEFAULT CHARSET=latin1 COLLATE=latin1_swedish_ci;
/*!40101 SET character_set_client = @saved_cs_client */;

--
-- Dumping data for table `ingredients`
--

LOCK TABLES `ingredients` WRITE;
/*!40000 ALTER TABLE `ingredients` DISABLE KEYS */;
INSERT INTO `ingredients` VALUES
('Baking powder','Added fats and Oils, Olives and Nuts'),
('Balsamic glaze','Added fats and Oils, Olives and Nuts'),
('Bay leaves','Added fats and Oils, Olives and Nuts'),
('BBQ sauce','Added fats and Oils, Olives and Nuts'),
('Bechamel sauce','Added fats and Oils, Olives and Nuts'),
('Brown sugar','Added fats and Oils, Olives and Nuts'),
('Butter','Added fats and Oils, Olives and Nuts'),
('Buttercream or ganache filling','Added fats and Oils, Olives and Nuts'),
('Cashews','Added fats and Oils, Olives and Nuts'),
('Chives','Added fats and Oils, Olives and Nuts'),
('Cilantro','Added fats and Oils, Olives and Nuts'),
('Cinnamon','Added fats and Oils, Olives and Nuts'),
('Coconut','Added fats and Oils, Olives and Nuts'),
('Coffee','Added fats and Oils, Olives and Nuts'),
('Corn syrup','Added fats and Oils, Olives and Nuts'),
('Dill','Added fats and Oils, Olives and Nuts'),
('Fajita seasoning','Added fats and Oils, Olives and Nuts'),
('Fresh basil leaves','Added fats and Oils, Olives and Nuts'),
('Gravy','Added fats and Oils, Olives and Nuts'),
('Green curry paste','Added fats and Oils, Olives and Nuts'),
('Honey','Added fats and Oils, Olives and Nuts'),
('Hot sauce','Added fats and Oils, Olives and Nuts'),
('Kirsch (cherry brandy)','Added fats and Oils, Olives and Nuts'),
('Paprika','Added fats and Oils, Olives and Nuts'),
('Parsley','Added fats and Oils, Olives and Nuts'),
('Peanuts','Added fats and Oils, Olives and Nuts'),
('Powdered sugar','Added fats and Oils, Olives and Nuts'),
('Raisins','Added fats and Oils, Olives and Nuts'),
('Red curry paste','Added fats and Oils, Olives and Nuts'),
('Red wine','Added fats and Oils, Olives and Nuts'),
('Red wine vinegar','Added fats and Oils, Olives and Nuts'),
('Salsa','Added fats and Oils, Olives and Nuts'),
('Salt','Added fats and Oils, Olives and Nuts'),
('Sauerkraut','Added fats and Oils, Olives and Nuts'),
('Soy sauce','Added fats and Oils, Olives and Nuts'),
('Spices ','Added fats and Oils, Olives and Nuts'),
('Sugar','Added fats and Oils, Olives and Nuts'),
('Sweet and sour sauce','Added fats and Oils, Olives and Nuts'),
('Tamarind paste','Added fats and Oils, Olives and Nuts'),
('Tzatziki sauce','Added fats and Oils, Olives and Nuts'),
('Vinegar','Added fats and Oils, Olives and Nuts'),
('Walnuts','Added fats and Oils, Olives and Nuts'),
('Water','Added fats and Oils, Olives and Nuts'),
('White wine','Added fats and Oils, Olives and Nuts'),
('Yeast','Added fats and Oils, Olives and Nuts'),
('All-purpose flour','Cereals and Potatoes'),
('Almond flour','Cereals and Potatoes'),
('Arborio rice','Cereals and Potatoes'),
('Baguette slices','Cereals and Potatoes'),
('Basmati rice','Cereals and Potatoes'),
('Bread','Cereals and Potatoes'),
('Breadcrumbs','Cereals and Potatoes'),
('Chocolate cake layers','Cereals and Potatoes'),
('Cooked rice','Cereals and Potatoes'),
('Cornstarch','Cereals and Potatoes'),
('Dough','Cereals and Potatoes'),
('Egg noodles','Cereals and Potatoes'),
('Elbow macaroni','Cereals and Potatoes'),
('Fettuccine pasta','Cereals and Potatoes'),
('Flat rice noodles','Cereals and Potatoes'),
('Flour','Cereals and Potatoes'),
('French fries','Cereals and Potatoes'),
('Graham cracker crumbs','Cereals and Potatoes'),
('Ladyfinger cookies','Cereals and Potatoes'),
('Pasta','Cereals and Potatoes'),
('Pastry shells','Cereals and Potatoes'),
('Phyllo dough','Cereals and Potatoes'),
('Pie crust','Cereals and Potatoes'),
('Pita bread','Cereals and Potatoes'),
('Pizza dough','Cereals and Potatoes'),
('Potatoes','Cereals and Potatoes'),
('Rice','Cereals and Potatoes'),
('Rice noodles','Cereals and Potatoes'),
('Rice porridge','Cereals and Potatoes'),
('Rye bread','Cereals and Potatoes'),
('Rye flour','Cereals and Potatoes'),
('Sponge cake','Cereals and Potatoes'),
('Spring roll wrappers','Cereals and Potatoes'),
('Sticky rice','Cereals and Potatoes'),
('Tortillas','Cereals and Potatoes'),
('Buttermilk','Dairy Products'),
('Cheddar cheese','Dairy Products'),
('Cheese','Dairy Products'),
('Cheese curds','Dairy Products'),
('Coconut milk','Dairy Products'),
('Cottage cheese','Dairy Products'),
('Cream','Dairy Products'),
('Cream cheese','Dairy Products'),
('Feta cheese','Dairy Products'),
('Fresh mozzarella','Dairy Products'),
('Gruyere cheese','Dairy Products'),
('Heavy cream','Dairy Products'),
('Mascarpone cheese','Dairy Products'),
('Milk','Dairy Products'),
('Paneer','Dairy Products'),
('Parmesan cheese','Dairy Products'),
('Skyr','Dairy Products'),
('Sour cream','Dairy Products'),
('Whipped cream','Dairy Products'),
('Yogurt','Dairy Products'),
('Egg whites','Eggs'),
('Eggs','Eggs'),
('Salmon','Fish and Seafood'),
('Salmon fillet','Fish and Seafood'),
('Shrimp','Fish and Seafood'),
('Shrimp or chicken','Fish and Seafood'),
('Apple','Fruits'),
('Apples','Fruits'),
('Avocado','Fruits'),
('Cherries','Fruits'),
('Fruit','Fruits'),
('Green papaya','Fruits'),
('Lime juice','Fruits'),
('Mango','Fruits'),
('Pineapple','Fruits'),
('Chickpea flour','Legumes'),
('Bacon','Red Meat'),
('Beef','Red Meat'),
('Beef broth','Red Meat'),
('Beef roast','Red Meat'),
('Beef sirloin','Red Meat'),
('Beef stew meat','Red Meat'),
('Ground beef','Red Meat'),
('Ground lamb or beef','Red Meat'),
('Ground meat','Red Meat'),
('Ground pork','Red Meat'),
('Ham','Red Meat'),
('Meatballs','Red Meat'),
('Pork','Red Meat'),
('Pork or veal','Red Meat'),
('Pork ribs','Red Meat'),
('Basil leaves','Vegetables'),
('Bean sprouts','Vegetables'),
('Bell peppers','Vegetables'),
('Broccoli','Vegetables'),
('Cabbage','Vegetables'),
('Carrots','Vegetables'),
('Celery','Vegetables'),
('Celery sticks','Vegetables'),
('Cucumber','Vegetables'),
('Cucumbers','Vegetables'),
('Eggplant','Vegetables'),
('Enchilada sauce','Vegetables'),
('Garlic','Vegetables'),
('Ginger','Vegetables'),
('Grape leaves','Vegetables'),
('Green beans','Vegetables'),
('Green onions','Vegetables'),
('Jalapeno','Vegetables'),
('Kaffir lime leaves','Vegetables'),
('Lemongrass','Vegetables'),
('Lettuce','Vegetables'),
('Mixed vegetables ','Vegetables'),
('Mushrooms','Vegetables'),
('Onion','Vegetables'),
('Onions','Vegetables'),
('Pearl onions','Vegetables'),
('Peas','Vegetables'),
('Pickles','Vegetables'),
('Red cabbage','Vegetables'),
('Red onion','Vegetables'),
('Spinach','Vegetables'),
('Thai basil leaves','Vegetables'),
('Tomatillos','Vegetables'),
('Tomato','Vegetables'),
('Tomato puree','Vegetables'),
('Tomato sauce','Vegetables'),
('Tomatoes','Vegetables'),
('Vegetables','Vegetables'),
('Chicken','White Meat'),
('Chicken broth','White Meat'),
('Chicken or beef','White Meat'),
('Chicken or pork','White Meat'),
('Chicken or vegetable broth','White Meat'),
('Chicken thighs','White Meat'),
('Chicken wings','White Meat'),
('Cooked chicken','White Meat'),
('Ground beef or chicken','White Meat'),
('Lamb or chicken','White Meat');
/*!40000 ALTER TABLE `ingredients` ENABLE KEYS */;
UNLOCK TABLES;

--
-- Table structure for table `ingredients_of_recipes`
--

DROP TABLE IF EXISTS `ingredients_of_recipes`;
/*!40101 SET @saved_cs_client     = @@character_set_client */;
/*!40101 SET character_set_client = utf8 */;
CREATE TABLE `ingredients_of_recipes` (
  `recipe` varchar(50) NOT NULL,
  `ingredient` varchar(30) NOT NULL,
  `quantity` varchar(50) DEFAULT '0',
  PRIMARY KEY (`recipe`,`ingredient`),
  KEY `ingredients_of_recipes_ingredients_grouped_FK` (`ingredient`),
  CONSTRAINT `ingredients_of_recipes_ingredients_grouped_FK` FOREIGN KEY (`ingredient`) REFERENCES `ingredients` (`ingredient`),
  CONSTRAINT `ingredients_of_recipes_recipes_FK` FOREIGN KEY (`recipe`) REFERENCES `recipes` (`name`)
) ENGINE=InnoDB DEFAULT CHARSET=latin1 COLLATE=latin1_swedish_ci;
/*!40101 SET character_set_client = @saved_cs_client */;

--
-- Dumping data for table `ingredients_of_recipes`
--

LOCK TABLES `ingredients_of_recipes` WRITE;
/*!40000 ALTER TABLE `ingredients_of_recipes` DISABLE KEYS */;
INSERT INTO `ingredients_of_recipes` VALUES
('American Apple Pie','Apples','6 large'),
('American Apple Pie','Cinnamon','1 teaspoon'),
('American Apple Pie','Pie crust','2 portions'),
('American Apple Pie','Sugar','1 cup'),
('American BBQ Ribs','BBQ sauce','2 cups'),
('American BBQ Ribs','Brown sugar','1/4 cup'),
('American BBQ Ribs','Paprika','1 tablespoon'),
('American BBQ Ribs','Pork ribs','2 racks'),
('American Buffalo Wings','Butter','1/2 cup'),
('American Buffalo Wings','Celery sticks','1 bunch'),
('American Buffalo Wings','Chicken wings','2 kg'),
('American Buffalo Wings','Hot sauce','1 cup'),
('American Macaroni and Cheese','Butter','1/2 cup'),
('American Macaroni and Cheese','Cheddar cheese','4 cups shredded'),
('American Macaroni and Cheese','Elbow macaroni','400 grams'),
('American Macaroni and Cheese','Milk','2 cups'),
('American New York Cheesecake','Cream cheese','900 grams'),
('American New York Cheesecake','Eggs','4 large'),
('American New York Cheesecake','Sour cream','1 cup'),
('American New York Cheesecake','Sugar','1 cup'),
('Bulgarian Banitsa','Eggs','4 large'),
('Bulgarian Banitsa','Feta cheese','200 grams crumbled'),
('Bulgarian Banitsa','Phyllo dough','10 sheets'),
('Bulgarian Banitsa','Yogurt','1 cup'),
('Bulgarian Shopska Salad','Bell peppers','2 large diced'),
('Bulgarian Shopska Salad','Cucumbers','2 large diced'),
('Bulgarian Shopska Salad','Feta cheese','200 grams crumbled'),
('Bulgarian Shopska Salad','Tomatoes','3 large diced'),
('Canadian Butter Tarts','Brown sugar','1 cup'),
('Canadian Butter Tarts','Butter','1/2 cup'),
('Canadian Butter Tarts','Corn syrup','1/2 cup'),
('Canadian Butter Tarts','Pastry shells','12'),
('Canadian Nanaimo Bars','Butter','1 cup'),
('Canadian Nanaimo Bars','Coconut','1 1/2 cups'),
('Canadian Nanaimo Bars','Graham cracker crumbs','2 cups'),
('Canadian Nanaimo Bars','Powdered sugar','2 cups'),
('Canadian Poutine','Cheese curds','2 cups'),
('Canadian Poutine','French fries','4 cups'),
('Canadian Poutine','Gravy','2 cups'),
('Chinese Beef and Broccoli Stir-Fry','Beef','400 grams sliced'),
('Chinese Beef and Broccoli Stir-Fry','Broccoli','1 head'),
('Chinese Beef and Broccoli Stir-Fry','Garlic','3 cloves minced'),
('Chinese Beef and Broccoli Stir-Fry','Soy sauce','3 tablespoons'),
('Chinese Chow Mein','Bell peppers','2 large sliced'),
('Chinese Chow Mein','Chicken or beef','300 grams sliced'),
('Chinese Chow Mein','Egg noodles','400 grams'),
('Chinese Chow Mein','Onion','1 large sliced'),
('Chinese Dumplings (Jiaozi)','Chives','1/4 cup chopped'),
('Chinese Dumplings (Jiaozi)','Ginger','1 tablespoon minced'),
('Chinese Dumplings (Jiaozi)','Ground pork','250 grams'),
('Chinese Dumplings (Jiaozi)','Soy sauce','2 tablespoons'),
('Chinese Egg Drop Soup','Chicken broth','4 cups'),
('Chinese Egg Drop Soup','Cornstarch','2 tablespoons'),
('Chinese Egg Drop Soup','Eggs','2 large'),
('Chinese Egg Drop Soup','Green onions','2 chopped'),
('Chinese Egg Rolls','Cabbage','1/2 head shredded'),
('Chinese Egg Rolls','Carrots','2 medium'),
('Chinese Egg Rolls','Ground pork','300 grams'),
('Chinese Egg Rolls','Spring roll wrappers','8 pieces'),
('Chinese Kung Pao Chicken','Bell peppers','2 large diced'),
('Chinese Kung Pao Chicken','Chicken','500 grams diced'),
('Chinese Kung Pao Chicken','Peanuts','1/2 cup'),
('Chinese Kung Pao Chicken','Soy sauce','2 tablespoons'),
('Chinese Sweet and Sour Pork','Bell peppers','2 large diced'),
('Chinese Sweet and Sour Pork','Pineapple','1 cup diced'),
('Chinese Sweet and Sour Pork','Pork','500 grams cubed'),
('Chinese Sweet and Sour Pork','Sweet and sour sauce','1 cup'),
('Finnish Karelian Pasties (Karjalanpiirakat)','Butter','50 grams'),
('Finnish Karelian Pasties (Karjalanpiirakat)','Rice porridge ','2 cups'),
('Finnish Karelian Pasties (Karjalanpiirakat)','Rye flour','2 cups'),
('Finnish Karelian Pasties (Karjalanpiirakat)','Water','1 cup'),
('Finnish Salmon Soup (Lohikeitto)','Carrots','2 large diced'),
('Finnish Salmon Soup (Lohikeitto)','Cream','1/2 cup'),
('Finnish Salmon Soup (Lohikeitto)','Potatoes','4 large diced'),
('Finnish Salmon Soup (Lohikeitto)','Salmon','500 grams cubed'),
('French Beef Bourguignon','Beef stew meat','1 kg cubed'),
('French Beef Bourguignon','Carrots','4 large sliced'),
('French Beef Bourguignon','Pearl onions','200 grams'),
('French Beef Bourguignon','Red wine','1 bottle'),
('French Coq au Vin','Bacon','150 grams diced'),
('French Coq au Vin','Chicken thighs','6 pieces'),
('French Coq au Vin','Mushrooms','200 grams sliced'),
('French Coq au Vin','Red wine','1 bottle'),
('French Crepes','Butter','2 tablespoons melted'),
('French Crepes','Eggs','4 large'),
('French Crepes','Flour','1 cup'),
('French Crepes','Milk','1 1/2 cups'),
('French Croque Monsieur','Bechamel sauce','1 cup'),
('French Croque Monsieur','Bread','8 slices'),
('French Croque Monsieur','Cheese','200 grams grated'),
('French Croque Monsieur','Ham','200 grams sliced'),
('French French Onion Soup','Baguette slices','4 slices'),
('French French Onion Soup','Beef broth','1 liter'),
('French French Onion Soup','Gruyere cheese','1 cup grated'),
('French French Onion Soup','Onions','4 large sliced'),
('French Macarons','Almond flour','150 grams'),
('French Macarons','Buttercream or ganache filling','To taste'),
('French Macarons','Egg whites','3 large'),
('French Macarons','Powdered sugar','150 grams'),
('French Onion Soup','Baguette slices','4 slices'),
('French Onion Soup','Beef broth','1 liter'),
('French Onion Soup','Gruyere cheese','1 cup grated'),
('French Onion Soup','Onions','4 large sliced'),
('German Apple Strudel (Apfelstrudel)','Apples','4 large'),
('German Apple Strudel (Apfelstrudel)','Cinnamon','1 teaspoon'),
('German Apple Strudel (Apfelstrudel)','Phyllo dough','10 sheets'),
('German Apple Strudel (Apfelstrudel)','Raisins','1/2 cup'),
('German Goulash Soup','Beef stew meat','500 grams cubed'),
('German Goulash Soup','Onion','2 large chopped'),
('German Goulash Soup','Paprika','2 tablespoons'),
('German Goulash Soup','Potatoes','3 large diced'),
('German Potato Pancakes (Kartoffelpuffer)','Eggs','2 large'),
('German Potato Pancakes (Kartoffelpuffer)','Flour','1/4 cup'),
('German Potato Pancakes (Kartoffelpuffer)','Onion','1 large grated'),
('German Potato Pancakes (Kartoffelpuffer)','Potatoes','4 large grated'),
('German Pretzels (Brezeln)','Flour','4 cups'),
('German Pretzels (Brezeln)','Salt','2 teaspoons'),
('German Pretzels (Brezeln)','Sugar','2 tablespoons'),
('German Pretzels (Brezeln)','Yeast','1 package'),
('German Red Cabbage (Rotkohl)','Apple','1 large grated'),
('German Red Cabbage (Rotkohl)','Onion','1 medium chopped'),
('German Red Cabbage (Rotkohl)','Red cabbage','1 small head shredded'),
('German Red Cabbage (Rotkohl)','Vinegar','1/4 cup'),
('German Sauerbraten','Bay leaves','2'),
('German Sauerbraten','Beef roast','1 kg'),
('German Sauerbraten','Onion','2 large sliced'),
('German Sauerbraten','Red wine vinegar','1 cup'),
('German Sauerkraut','Apple','1 large diced'),
('German Sauerkraut','Bacon','100 grams diced'),
('German Sauerkraut','Onion','1 large sliced'),
('German Sauerkraut','Sauerkraut','500 grams'),
('German Schnitzel','Breadcrumbs','1 cup'),
('German Schnitzel','Eggs','2 large'),
('German Schnitzel','Flour','1 cup'),
('German Schnitzel','Pork or veal','4 pieces'),
('Greek Baklava','Cinnamon','1 teaspoon'),
('Greek Baklava','Honey','1 cup'),
('Greek Baklava','Phyllo dough','20 sheets'),
('Greek Baklava','Walnuts','2 cups chopped'),
('Greek Greek Moussaka','Bechamel sauce','2 cups'),
('Greek Greek Moussaka','Eggplant','2 large sliced'),
('Greek Greek Moussaka','Ground beef','500 grams'),
('Greek Greek Moussaka','Tomatoes','4 medium chopped'),
('Greek Greek Salad','Cucumber','1 large diced'),
('Greek Greek Salad','Feta cheese','200 grams crumbled'),
('Greek Greek Salad','Red onion','1/2 large thinly sliced'),
('Greek Greek Salad','Tomatoes','3 large chopped'),
('Greek Gyros','Lamb or chicken','500 grams sliced'),
('Greek Gyros','Pita bread','4 pieces'),
('Greek Gyros','Tomato','1 large sliced'),
('Greek Gyros','Tzatziki sauce','1 cup'),
('Greek Moussaka','Bechamel sauce','2 cups'),
('Greek Moussaka','Eggplant','2 large sliced'),
('Greek Moussaka','Ground beef','500 grams'),
('Greek Moussaka','Tomatoes','4 medium chopped'),
('Greek Souvlaki','Chicken or pork','500 grams cubed'),
('Greek Souvlaki','Pita bread','4 pieces'),
('Greek Souvlaki','Tomato','1 large sliced'),
('Greek Souvlaki','Tzatziki sauce','1 cup'),
('Greek Spanakopita','Feta cheese','200 grams'),
('Greek Spanakopita','Onion','1 large chopped'),
('Greek Spanakopita','Phyllo dough','10 sheets'),
('Greek Spanakopita','Spinach','500 grams'),
('Icelandic Skyr Cake (Skyrterta)','Fruit','As needed'),
('Icelandic Skyr Cake (Skyrterta)','Skyr','500 grams'),
('Icelandic Skyr Cake (Skyrterta)','Sponge cake','1 layer'),
('Indian Butter Chicken (Murgh Makhani)','Butter','4 tablespoons'),
('Indian Butter Chicken (Murgh Makhani)','Chicken thighs','500 grams'),
('Indian Butter Chicken (Murgh Makhani)','Cream','1/2 cup'),
('Indian Butter Chicken (Murgh Makhani)','Tomato puree','1 cup'),
('Indian Chicken Biryani','Basmati rice','2 cups'),
('Indian Chicken Biryani','Chicken thighs','500 grams'),
('Indian Chicken Biryani','Spices ','To taste'),
('Indian Chicken Biryani','Yogurt','1/2 cup'),
('Indian Chicken Curry','Chicken','500 grams diced'),
('Indian Chicken Curry','Onion','1 large chopped'),
('Indian Chicken Curry','Spices ','To taste'),
('Indian Chicken Curry','Tomato','2 medium chopped'),
('Indian Naan Bread','All-purpose flour','2 cups'),
('Indian Naan Bread','Garlic','2 cloves minced'),
('Indian Naan Bread','Yeast','2 teaspoons'),
('Indian Naan Bread','Yogurt','1/2 cup'),
('Indian Palak Paneer','Paneer','300 grams cubed'),
('Indian Palak Paneer','Spices ','To taste'),
('Indian Palak Paneer','Spinach','500 grams'),
('Indian Palak Paneer','Tomatoes','2 medium chopped'),
('Indian Vegetable Biryani','Basmati rice','2 cups'),
('Indian Vegetable Biryani','Mixed vegetables','500 grams'),
('Indian Vegetable Biryani','Spices','To taste'),
('Indian Vegetable Biryani','Yogurt','1/2 cup'),
('Indian Vegetable Pakora','Chickpea flour','1 cup'),
('Indian Vegetable Pakora','Mixed vegetables ','2 cups chopped'),
('Indian Vegetable Pakora','Spices ','To taste'),
('Indian Vegetable Pakora','Water','1/2 cup'),
('Italian Caprese Pizza','Fresh basil leaves','To taste'),
('Italian Caprese Pizza','Fresh mozzarella','200 grams'),
('Italian Caprese Pizza','Pizza dough','1 portion'),
('Italian Caprese Pizza','Tomato sauce','1/2 cup'),
('Italian Caprese Salad','Balsamic glaze','To taste'),
('Italian Caprese Salad','Fresh basil leaves','To taste'),
('Italian Caprese Salad','Fresh mozzarella','200 grams sliced'),
('Italian Caprese Salad','Tomatoes','3 large sliced'),
('Italian Fettuccine Alfredo','Butter','1/2 cup'),
('Italian Fettuccine Alfredo','Fettuccine pasta','400 grams'),
('Italian Fettuccine Alfredo','Heavy cream','2 cups'),
('Italian Fettuccine Alfredo','Parmesan cheese','1 cup grated'),
('Italian Italian Wedding Soup','Chicken broth','2 liters'),
('Italian Italian Wedding Soup','Meatballs','20 small'),
('Italian Italian Wedding Soup','Pasta','1 cup'),
('Italian Italian Wedding Soup','Spinach','200 grams'),
('Italian Margherita Pizza','Dough','1 portion'),
('Italian Margherita Pizza','Fresh basil leaves','To taste'),
('Italian Margherita Pizza','Fresh mozzarella','200 grams'),
('Italian Margherita Pizza','Tomato sauce','1 cup'),
('Italian Minestrone Soup','Carrots','2 large diced'),
('Italian Minestrone Soup','Celery','2 stalks diced'),
('Italian Minestrone Soup','Pasta','1 cup'),
('Italian Minestrone Soup','Tomatoes','3 large diced'),
('Italian Risotto','Arborio rice','1 1/2 cups'),
('Italian Risotto','Chicken or vegetable broth','4 cups'),
('Italian Risotto','Parmesan cheese','1 cup grated'),
('Italian Risotto','White wine','1/2 cup'),
('Italian Tiramisu','Coffee','2 cups'),
('Italian Tiramisu','Eggs','4 large'),
('Italian Tiramisu','Ladyfinger cookies','24'),
('Italian Tiramisu','Mascarpone cheese','500 grams'),
('Mexican Chicken Enchiladas','Cheese','1 cup shredded'),
('Mexican Chicken Enchiladas','Cooked chicken','2 cups shredded'),
('Mexican Chicken Enchiladas','Enchilada sauce','2 cups'),
('Mexican Chicken Enchiladas','Tortillas','8 pieces'),
('Mexican Chicken Fajitas','Bell peppers','2 large sliced'),
('Mexican Chicken Fajitas','Chicken','500 grams sliced'),
('Mexican Chicken Fajitas','Fajita seasoning','2 tablespoons'),
('Mexican Chicken Fajitas','Onion','1 large sliced'),
('Mexican Guacamole','Avocado','2 ripe'),
('Mexican Guacamole','Lime juice','2 tablespoons'),
('Mexican Guacamole','Onion','1/2 medium finely chopped'),
('Mexican Guacamole','Tomato','1 large diced'),
('Mexican Mexican Rice','Chicken broth','2 cups'),
('Mexican Mexican Rice','Onion','1 medium diced'),
('Mexican Mexican Rice','Rice','1 cup'),
('Mexican Mexican Rice','Tomato','1 large diced'),
('Mexican Quesadillas','Cheese','1 cup shredded'),
('Mexican Quesadillas','Chicken or beef','300 grams shredded'),
('Mexican Quesadillas','Salsa','1/2 cup'),
('Mexican Quesadillas','Tortillas','4 pieces'),
('Mexican Salsa Verde','Cilantro','1/4 cup chopped'),
('Mexican Salsa Verde','Jalapeno','2 diced'),
('Mexican Salsa Verde','Onion','1 medium chopped'),
('Mexican Salsa Verde','Tomatillos','500 grams'),
('Mexican Tacos','Ground beef or chicken','500 grams'),
('Mexican Tacos','Lettuce','1 cup shredded'),
('Mexican Tacos','Tomato','1 large diced'),
('Mexican Tacos','Tortillas','8 pieces'),
('Norwegian Krumkake','Butter','100 grams'),
('Norwegian Krumkake','Flour','1 cup'),
('Norwegian Krumkake','Sugar','1/2 cup'),
('Norwegian Lefse','Butter','1/4 cup'),
('Norwegian Lefse','Flour','1 cup'),
('Norwegian Lefse','Potatoes','4 large'),
('Norwegian Lefse','Sugar','2 tablespoons'),
('Norwegian Salmon Gravlax','Dill','1/4 cup chopped'),
('Norwegian Salmon Gravlax','Salmon fillet','1 kg'),
('Norwegian Salmon Gravlax','Salt','1/2 cup'),
('Norwegian Salmon Gravlax','Sugar','1/4 cup'),
('Russian Beef Stroganoff','Beef sirloin','500 grams'),
('Russian Beef Stroganoff','Mushrooms','200 grams sliced'),
('Russian Beef Stroganoff','Onion','1 large sliced'),
('Russian Beef Stroganoff','Sour cream','1 cup'),
('Russian Blini','Eggs','4 large'),
('Russian Blini','Flour','2 cups'),
('Russian Blini','Milk','2 cups'),
('Russian Blini','Sour cream','1 cup'),
('Russian Olivier Salad','Carrots','2 large diced'),
('Russian Olivier Salad','Peas','1 cup'),
('Russian Olivier Salad','Pickles','4 large diced'),
('Russian Olivier Salad','Potatoes','3 large diced'),
('Russian Pelmeni','Eggs','2 large'),
('Russian Pelmeni','Flour','2 cups'),
('Russian Pelmeni','Ground meat','500 grams'),
('Russian Pelmeni','Onion','1 medium'),
('Russian Syrniki','Cottage cheese','500 grams'),
('Russian Syrniki','Eggs','2 large'),
('Russian Syrniki','Flour','1 cup'),
('Russian Syrniki','Sugar','2 tablespoons'),
('Swedish Cinnamon Buns (Kanelbullar)','Butter','100 grams'),
('Swedish Cinnamon Buns (Kanelbullar)','Flour','4 cups'),
('Swedish Cinnamon Buns (Kanelbullar)','Milk','1 cup'),
('Swedish Cinnamon Buns (Kanelbullar)','Sugar','1/2 cup'),
('Thai Green Curry with Vegetables','Basil leaves','To taste'),
('Thai Green Curry with Vegetables','Coconut milk','1 can'),
('Thai Green Curry with Vegetables','Green curry paste','2 tablespoons'),
('Thai Green Curry with Vegetables','Vegetables ','500 grams'),
('Thai Mango Sticky Rice','Coconut milk','1 can'),
('Thai Mango Sticky Rice','Mango','2 ripe sliced'),
('Thai Mango Sticky Rice','Sticky rice','1 cup'),
('Thai Mango Sticky Rice','Sugar','1/4 cup'),
('Thai Pad See Ew','Broccoli','1 head'),
('Thai Pad See Ew','Chicken or beef','300 grams sliced'),
('Thai Pad See Ew','Eggs','2 large'),
('Thai Pad See Ew','Flat rice noodles','300 grams'),
('Thai Pad Thai','Bean sprouts','1 cup'),
('Thai Pad Thai','Rice noodles','200 grams'),
('Thai Pad Thai','Shrimp or chicken','250 grams'),
('Thai Pad Thai','Tamarind paste','2 tablespoons'),
('Thai Pineapple Fried Rice','Cashews','1/2 cup'),
('Thai Pineapple Fried Rice','Cooked rice','2 cups'),
('Thai Pineapple Fried Rice','Pineapple','1 cup diced'),
('Thai Pineapple Fried Rice','Shrimp or chicken','300 grams cooked'),
('Thai Red Curry with Chicken','Chicken','500 grams sliced'),
('Thai Red Curry with Chicken','Coconut milk','1 can'),
('Thai Red Curry with Chicken','Red curry paste','2 tablespoons'),
('Thai Red Curry with Chicken','Thai basil leaves','To taste'),
('Thai Thai Green Papaya Salad','Green beans','100 grams chopped'),
('Thai Thai Green Papaya Salad','Green papaya','1 medium shredded'),
('Thai Thai Green Papaya Salad','Peanuts','1/2 cup chopped'),
('Thai Thai Green Papaya Salad','Tomato','1 large diced'),
('Thai Tom Yum Soup','Kaffir lime leaves','4 leaves'),
('Thai Tom Yum Soup','Lemongrass','2 stalks'),
('Thai Tom Yum Soup','Mushrooms','200 grams'),
('Thai Tom Yum Soup','Shrimp','300 grams'),
('Turkish Dolma','Grape leaves','1 jar'),
('Turkish Dolma','Ground meat ','250 grams'),
('Turkish Dolma','Rice','1 cup'),
('Turkish Dolma','Tomato','1 large diced'),
('Turkish Kebabs','Ground lamb or beef','500 grams'),
('Turkish Kebabs','Onion','1 large grated'),
('Turkish Kebabs','Parsley','1/4 cup chopped'),
('Turkish Kebabs','Spices','To taste');
/*!40000 ALTER TABLE `ingredients_of_recipes` ENABLE KEYS */;
UNLOCK TABLES;

--
-- Table structure for table `national_cuisines_specialization`
--

DROP TABLE IF EXISTS `national_cuisines_specialization`;
/*!40101 SET @saved_cs_client     = @@character_set_client */;
/*!40101 SET character_set_client = utf8 */;
CREATE TABLE `national_cuisines_specialization` (
  `cook_contact` varchar(20) NOT NULL,
  `national_cuisine` varchar(20) NOT NULL,
  PRIMARY KEY (`cook_contact`,`national_cuisine`),
  CONSTRAINT `national_cuisines_specialization_cooks_FK` FOREIGN KEY (`cook_contact`) REFERENCES `cooks` (`contact_number`) ON DELETE CASCADE ON UPDATE CASCADE
) ENGINE=InnoDB DEFAULT CHARSET=latin1 COLLATE=latin1_swedish_ci;
/*!40101 SET character_set_client = @saved_cs_client */;

--
-- Dumping data for table `national_cuisines_specialization`
--

LOCK TABLES `national_cuisines_specialization` WRITE;
/*!40000 ALTER TABLE `national_cuisines_specialization` DISABLE KEYS */;
INSERT INTO `national_cuisines_specialization` VALUES
('6098329128','Finnish'),
('6098329128','Russian'),
('6574568300','French'),
('6574568300','Italian'),
('6729103481','German'),
('6729103481','Swedish'),
('6754332862','Greek'),
('6754332862','Italian'),
('6778912294','Chinese'),
('6778912294','Thai'),
('6781122334','American'),
('6781122334','Canadian'),
('6783345672','Bulgarian'),
('6783345672','Russian'),
('6783618927','Icelandic'),
('6783618927','Indian'),
('6783618927','Thai'),
('6784291019','Icelandic'),
('6784291019','Swedish'),
('6785534550','Greek'),
('6785534550','Turkish'),
('6788980024','American'),
('6788980024','Chinese'),
('6788980024','Italian'),
('6789002001','Indian'),
('6789002001','Thai'),
('6789002343','Mexican'),
('6789002343','Spanish'),
('6789008567','Danish'),
('6789008567','French'),
('6789201727','German'),
('6789201727','Swedish'),
('6789429391','German'),
('6789429391','Russian'),
('6874326800','French'),
('6874326800','Italian'),
('6879000236','Norwegian'),
('6879000236','Swedish'),
('6899099653','Chinese'),
('6899099653','Greek'),
('6899099653','Indian'),
('6900887525','Greek'),
('6900887525','Italian'),
('6942312886','Chinese'),
('6942312886','German'),
('6962217839','Indian'),
('6962217839','Thai'),
('6965342879','French'),
('6965342879','Spanish'),
('6965443776','Chinese'),
('6965443776','Japanese'),
('6970010020','German'),
('6970010020','Italian'),
('6970010020','Turkish'),
('6970021005','Canadian'),
('6970021005','French'),
('6970031388','Greek'),
('6970031388','Japanese'),
('6970031388','Thai'),
('6971010610','French'),
('6971010610','Italian'),
('6971813344','Italian'),
('6971813344','Mexican'),
('6971813344','Spanish'),
('6971817733','Danish'),
('6971817733','Norwegian'),
('6972318363','Chinese'),
('6972318363','Italian'),
('6972318363','Swedish'),
('6975423244','American'),
('6975423244','French'),
('6975436653','German'),
('6975436653','Indian'),
('6975654109','Finnish'),
('6975654109','Swedish'),
('6975667744','German'),
('6975667744','Russian'),
('6978181268','Greek'),
('6978181268','Thai'),
('6978324665','French'),
('6978324665','German'),
('6978324665','Italian'),
('6978654344','Norwegian'),
('6978654344','Swedish'),
('6978806412','Chinese'),
('6978806412','Thai'),
('6980021023','Canadian'),
('6980021023','Italian'),
('6980021023','Turkish'),
('6980045221','Bulgarian'),
('6980045221','French'),
('6980045221','Italian'),
('6980055436','Mexican'),
('6980055436','Spanish'),
('6981237889','Finnish'),
('6981237889','Swedish'),
('6981278204','Chinese'),
('6981278204','Indian'),
('6981390033','German'),
('6981390033','Italian'),
('6983244591','Italian'),
('6983244591','Swedish'),
('6983428772','Greek'),
('6983428772','Thai'),
('6985543567','Canadian'),
('6985543567','Chinese'),
('6988723891','Chinese'),
('6988723891','Thai'),
('6988821375','American'),
('6988821375','Italian'),
('6989932400','Danish'),
('6989932400','French'),
('6992178391','French'),
('6992178391','Italian'),
('6992634810','Greek'),
('6992634810','Thai');
/*!40000 ALTER TABLE `national_cuisines_specialization` ENABLE KEYS */;
UNLOCK TABLES;

--
-- Table structure for table `recipes`
--

DROP TABLE IF EXISTS `recipes`;
/*!40101 SET @saved_cs_client     = @@character_set_client */;
/*!40101 SET character_set_client = utf8 */;
CREATE TABLE `recipes` (
  `name` varchar(50) NOT NULL DEFAULT '',
  `type` varchar(20) NOT NULL DEFAULT '',
  `national_cuisine` varchar(20) NOT NULL DEFAULT '',
  `difficulty` int(11) NOT NULL DEFAULT 0,
  `description` varchar(200) NOT NULL DEFAULT '',
  `classification` varchar(20) NOT NULL DEFAULT '',
  `execution time` tinytext NOT NULL,
  `servings` int(11) NOT NULL DEFAULT 0,
  `core ingredient` varchar(15) NOT NULL DEFAULT '0',
  `identified as` varchar(20) NOT NULL DEFAULT '0',
  PRIMARY KEY (`name`) USING BTREE
) ENGINE=InnoDB DEFAULT CHARSET=latin1 COLLATE=latin1_swedish_ci;
/*!40101 SET character_set_client = @saved_cs_client */;

--
-- Dumping data for table `recipes`
--

LOCK TABLES `recipes` WRITE;
/*!40000 ALTER TABLE `recipes` DISABLE KEYS */;
INSERT INTO `recipes` VALUES
('American Apple Pie','Pastries','American',2,'A classic American pie made with a buttery crust and filled with sweet, cinnamon-spiced apples.','Dessert','1.5 hours',8,'Apples','Snack'),
('American BBQ Ribs','Cooking','American',4,'Slow-cooked pork ribs slathered in barbecue sauce until tender and flavorful.','Dinner','4 hours',4,'Pork','Main Course'),
('American Buffalo Wings','Cooking','American',3,'Crispy chicken wings coated in spicy buffalo sauce, served with celery sticks and blue cheese dressing.','Appetizer','45 minutes',4,'Chicken wings','Appetizer'),
('American Macaroni and Cheese','Cooking','American',2,'Creamy macaroni pasta baked with a rich cheese sauce, topped with breadcrumbs for a crispy crust.','Main Dish','1 hour',6,'Pasta','Main Course'),
('American New York Cheesecake','Pastries','American',4,'Creamy and dense cheesecake with a graham cracker crust, often served plain or with fruit topping.','Dessert','3 hours',10,'Cream cheese','Snack'),
('Bulgarian Banitsa','Pastries','Bulgarian',3,'A traditional Bulgarian pastry made with layers of filo dough, eggs, and feta cheese, usually served for breakfast or as a snack.','Breakfast','1.5 hours',8,'Feta cheese','Snack'),
('Bulgarian Shopska Salad','Cooking','Bulgarian',1,'A Bulgarian salad made with tomatoes, cucumbers, onions, peppers, and feta cheese, dressed with olive oil and vinegar.','Appetizer','15 minutes',2,'Tomatoes','Appetizer'),
('Canadian Butter Tarts','Pastries','Canadian',3,'Sweet Canadian tarts made with a flaky pastry crust and filled with a rich, buttery filling of brown sugar, butter, and maple syrup.','Dessert','1.5 hours',12,'Butter','Snack'),
('Canadian Nanaimo Bars','Pastries','Canadian',2,'Layered Canadian bars with a crumbly base, creamy custard filling, and chocolate topping, named after the city of Nanaimo in British Columbia.','Dessert','1.5 hours',12,'Chocolate','Snack'),
('Canadian Poutine','Cooking','Canadian',2,'A Canadian dish of crispy french fries topped with cheese curds and smothered in gravy.','Appetizer','45 minutes',4,'Potatoes','Appetizer'),
('Chinese Beef and Broccoli Stir-Fry','Cooking','Chinese',3,'A quick and easy Chinese stir-fry dish made with tender beef and broccoli in a savory sauce.','Dinner','30 minutes',4,'Beef','Main Course'),
('Chinese Chow Mein','Cooking','Chinese',3,'A Chinese stir-fried noodle dish with vegetables, meat, and a savory sauce.','Dinner','30 minutes',4,'Noodles','Main Course'),
('Chinese Dumplings (Jiaozi)','Cooking','Chinese',3,'Chinese dumplings filled with ground meat and vegetables, usually served with a dipping sauce.','Appetizer','1 hour',6,'Pork','Appetizer'),
('Chinese Egg Drop Soup','Cooking','Chinese',2,'A simple Chinese soup made with chicken broth, beaten eggs, and green onions.','Appetizer','15 minutes',4,'Eggs','Appetizer'),
('Chinese Egg Rolls','Cooking','Chinese',3,'Crispy Chinese spring rolls filled with vegetables, meat, and sometimes noodles, served with sweet and sour sauce.','Appetizer','45 minutes',12,'Vegetables','Appetizer'),
('Chinese Fried Rice','Cooking','Chinese',2,'A quick and easy Chinese rice dish stir-fried with eggs, vegetables, and sometimes meat or shrimp.','Dinner','30 minutes',4,'Rice','Main Course'),
('Chinese Hot and Sour Soup','Cooking','Chinese',3,'A spicy and sour Chinese soup made with tofu, mushrooms, bamboo shoots, and eggs.','Appetizer','45 minutes',4,'Tofu','Appetizer'),
('Chinese Kung Pao Chicken','Cooking','Chinese',3,'A spicy Chinese stir-fry dish with chicken, peanuts, vegetables, and chili peppers.','Dinner','30 minutes',4,'Chicken','Main Course'),
('Chinese Peking Duck','Cooking','Chinese',5,'Crispy and succulent roasted duck served with thin pancakes, green onions, cucumbers, and hoisin sauce.','Dinner','24 hours',4,'Duck','Main Course'),
('Chinese Sweet and Sour Pork','Cooking','Chinese',3,'Crispy pork pieces coated in a sweet and tangy sauce with bell peppers, pineapple, and onions.','Dinner','45 minutes',4,'Pork','Main Course'),
('Danish Smrrebrd','Cooking','Danish',2,'Open-faced Danish sandwiches with rye bread topped with various ingredients like herring, salmon, eggs, and pickled vegetables.','Lunch','30 minutes',4,'Rye bread','Main Course'),
('Danish bleskiver','Pastries','Danish',3,'Traditional Danish pancake balls made with a thick, batter poured into a special bleskiver pan and cooked until golden brown.','Snack','45 minutes',6,'Flour','Snack'),
('Finnish Karelian Pasties (Karjalanpiirakat)','Pastries','Finnish',3,'Finnish pastries made with thin rye crusts filled with rice porridge or mashed potatoes, often served with egg butter or fish roe.','Snack','2 hours',12,'Rye flour','Snack'),
('Finnish Salmon Soup (Lohikeitto)','Cooking','Finnish',2,'Creamy Finnish soup made with salmon, potatoes, leeks, and carrots, flavored with dill and served with rye bread.','Soup','1.5 hours',6,'Salmon','Appetizer'),
('French Beef Bourguignon','Cooking','French',4,'A classic French stew made with beef braised in red wine with carrots, onions, mushrooms, and bacon.','Dinner','3 hours',4,'Beef','Main Course'),
('French Coq au Vin','Cooking','French',4,'A classic French stew made with chicken braised in red wine with mushrooms, onions, and bacon.','Dinner','2 hours',4,'Chicken','Main Course'),
('French Crepes','Pastries','French',2,'Thin French pancakes made with flour, eggs, milk, and butter, usually served with sweet or savory fillings.','Breakfast','30 minutes',8,'Flour','Snack'),
('French Croissants','Pastries','French',4,'Buttery and flaky French pastries made with laminated dough, perfect for breakfast or brunch.','Breakfast','12 hours',12,'Butter','Snack'),
('French Croque Monsieur','Pastries','French',3,'A classic French grilled ham and cheese sandwich topped with bechamel sauce and melted cheese.','Lunch','30 minutes',2,'Ham','Main Course'),
('French French Onion Soup','Cooking','French',2,'A comforting French soup made with caramelized onions, beef broth, and topped with melted cheese.','Appetizer','1.5 hours',4,'Onions','Appetizer'),
('French Macarons','Pastries','French',5,'Delicate French sandwich cookies made with almond flour and filled with flavored buttercream or ganache.','Dessert','2 hours',24,'Almond flour','Snack'),
('French Onion Soup','Cooking','French',2,'A comforting French soup made with caramelized onions, beef broth, and topped with melted cheese.','Appetizer','1.5 hours',4,'Onions','Appetizer'),
('French Quiche Lorraine','Pastries','French',3,'A savory French tart filled with bacon, cheese, and custard, usually served with a side salad.','Breakfast','1 hour',6,'Bacon','Snack'),
('German Apple Strudel (Apfelstrudel)','Pastries','German',3,'Flaky pastry filled with spiced apples, raisins, and almonds, rolled up and baked until golden brown, often served with vanilla sauce or whipped cream.','Dessert','1.5 hours',8,'Apples','Snack'),
('German Black Forest(Schwarzwlder Kirschtorte)','Pastries','German',4,'Layered chocolate cake with whipped cream and cherries, often flavored with cherry brandy (Kirsch) and garnished with chocolate shavings.','Dessert','2 hours',10,'Chocolate','Snack'),
('German Bratwurst','Cooking','German',2,'Grilled or pan-fried German sausages made with pork, veal, or beef, seasoned with herbs and spices.','Main Dish','30 minutes',4,'Pork','Main Course'),
('German Goulash Soup','Soup','German',3,'Hearty German soup made with beef, onions, bell peppers, tomatoes, and paprika, often served with crusty bread.','Soup','2 hours',6,'Beef','Appetizer'),
('German Potato Pancakes (Kartoffelpuffer)','Cooking','German',2,'Crispy potato pancakes made with grated potatoes, onions, flour, and eggs, often served with applesauce or sour cream.','Appetizer','45 minutes',6,'Potatoes','Appetizer'),
('German Pretzels (Brezeln)','Pastries','German',3,'Traditional German soft pretzels made with a yeast dough, shaped into knots, boiled in a baking soda solution, and baked until golden brown.','Snack','2 hours',12,'Flour','Snack'),
('German Red Cabbage (Rotkohl)','Cooking','German',2,'Sweet and sour German braised red cabbage cooked with apples, onions, vinegar, sugar, and spices, often served as a side dish with roast meats.','Side Dish','1 hour',6,'Red cabbage','Side Dish'),
('German Sauerbraten','Cooking','German',4,'Traditional German pot roast marinated in a mixture of vinegar, water, spices, and herbs, then slow-cooked until tender.','Main Dish','4 hours',6,'Beef','Main Course'),
('German Sauerkraut','Cooking','German',2,'Fermented cabbage cooked with onions, apples, and spices, often served as a side dish with sausages or pork.','Side Dish','1 hour',6,'Cabbage','Side Dish'),
('German Schnitzel','Cooking','German',3,'Breaded and fried thinly pounded meat, usually pork or veal, served with lemon wedges and potato salad or fries.','Main Dish','45 minutes',4,'Pork','Main Course'),
('Greek Baklava','Pastries','Greek',4,'A sweet Greek pastry made with layers of phyllo dough, chopped nuts, and honey syrup.','Dessert','1.5 hours',12,'Phyllo dough','Snack'),
('Greek Greek Moussaka','Cooking','Greek',4,'A Greek casserole dish made with layers of eggplant, potatoes, ground meat, and topped with bechamel sauce.','Dinner','2 hours',6,'Eggplant','Main Course'),
('Greek Greek Salad','Cooking','Greek',1,'A refreshing Greek salad made with tomatoes, cucumbers, red onions, olives, and feta cheese.','Appetizer','15 minutes',2,'Tomatoes','Appetizer'),
('Greek Gyros','Cooking','Greek',3,'Grilled Greek sandwiches filled with marinated meat, usually lamb, beef, or chicken, served with tzatziki sauce.','Lunch','1 hour',4,'Lamb','Main Course'),
('Greek Moussaka','Cooking','Greek',4,'A Greek casserole dish made with layers of eggplant, potatoes, ground meat, and topped with bechamel sauce.','Dinner','2 hours',6,'Eggplant','Main Course'),
('Greek Souvlaki','Cooking','Greek',3,'Grilled Greek kebabs made with marinated meat, usually lamb, beef, or chicken, served with pita bread and tzatziki sauce.','Lunch','1 hour',4,'Lamb','Main Course'),
('Greek Spanakopita','Pastries','Greek',4,'A Greek savory pastry filled with spinach, feta cheese, and herbs, wrapped in crispy phyllo dough.','Appetizer','1.5 hours',10,'Spinach','Appetizer'),
('Greek Tzatziki Sauce','Dip','Greek',1,'A creamy Greek yogurt sauce made with cucumbers, garlic, dill, and lemon juice.','Appetizer','15 minutes',4,'Greek yogurt','Appetizer'),
('Icelandic Skyr Cake (Skyrterta)','Desserts','Icelandic',3,'A traditional Icelandic cake made with skyr, a thick yogurt-like dairy product, layered with fruit, cream, and sponge cake.','Dessert','3 hours',8,'Skyr','Snack'),
('Indian Butter Chicken (Murgh Makhani)','Cooking','Indian',4,'A creamy and flavorful Indian curry with tender chicken cooked in a tomato-based sauce.','Dinner','1.5 hours',6,'Chicken','Main Course'),
('Indian Chicken Biryani','Cooking','Indian',4,'Aromatic Indian rice dish cooked with marinated chicken, basmati rice, and fragrant spices.','Dinner','2 hours',6,'Chicken','Main Course'),
('Indian Chicken Curry','Cooking','Indian',3,'Aromatic Indian curry made with chicken pieces simmered in a flavorful sauce of tomatoes, onions, and spices.','Dinner','1.5 hours',4,'Chicken','Main Course'),
('Indian Chicken Tikka Masala','Cooking','Indian',3,'Tender chicken marinated in yogurt and spices, grilled to perfection, then simmered in a creamy tomato-based sauce.','Dinner','1.5 hours',4,'Chicken','Main Course'),
('Indian Naan Bread','Bread','Indian',3,'A soft and fluffy Indian flatbread made with yeast, flour, yogurt, and ghee.','Bread','2 hours',6,'Flour','Side Dish'),
('Indian Palak Paneer','Cooking','Indian',3,'A creamy Indian curry made with spinach (palak) and paneer cheese, flavored with garlic, ginger, and spices.','Dinner','1 hour',4,'Paneer cheese','Main Course'),
('Indian Samosas','Pastries','Indian',4,'Deep-fried Indian pastries filled with spiced potatoes, peas, and sometimes meat or lentils.','Appetizer','1 hour',12,'Potatoes','Appetizer'),
('Indian Vegetable Biryani','Cooking','Indian',3,'A fragrant Indian rice dish cooked with mixed vegetables, spices, and basmati rice.','Dinner','1.5 hours',6,'Rice','Main Course'),
('Indian Vegetable Pakora','Cooking','Indian',3,'Indian fritters made with mixed vegetables coated in chickpea flour batter and deep-fried.','Appetizer','45 minutes',6,'Vegetables','Appetizer'),
('Italian Cannoli','Pastries','Italian',4,'Italian pastries made with fried pastry dough filled with sweetened ricotta cheese and chocolate chips.','Dessert','1.5 hours',12,'Ricotta cheese','Snack'),
('Italian Caprese Pizza','Cooking','Italian',3,'Italian pizza topped with fresh tomatoes, mozzarella cheese, basil, olive oil, and balsamic glaze.','Lunch','30 minutes',2,'Tomatoes','Main Course'),
('Italian Caprese Salad','Cooking','Italian',1,'A simple Italian salad made with ripe tomatoes, fresh mozzarella cheese, basil, olive oil, and balsamic vinegar.','Appetizer','15 minutes',2,'Tomatoes','Appetizer'),
('Italian Fettuccine Alfredo','Cooking','Italian',2,'A creamy Italian pasta dish made with fettuccine noodles tossed in Parmesan cheese and butter sauce.','Dinner','30 minutes',4,'Parmesan cheese','Main Course'),
('Italian Italian Wedding Soup','Cooking','Italian',2,'A hearty Italian soup made with meatballs, vegetables, pasta, and greens like spinach or kale.','Appetizer','1.5 hours',4,'Meatballs','Appetizer'),
('Italian Lasagna','Cooking','Italian',4,'Layers of lasagna noodles, rich meat sauce, creamy bchamel, and melted cheese, baked until bubbly and golden.','Dinner','2.5 hours',8,'Ground beef','Main Course'),
('Italian Margherita Pizza','Cooking','Italian',3,'A classic Italian pizza topped with fresh tomatoes, mozzarella cheese, basil, and olive oil.','Lunch','30 minutes',2,'Tomatoes','Main Course'),
('Italian Minestrone Soup','Cooking','Italian',2,'A hearty Italian vegetable soup made with beans, pasta, tomatoes, and seasonal vegetables.','Appetizer','1.5 hours',4,'Beans','Appetizer'),
('Italian Risotto','Cooking','Italian',3,'A creamy Italian rice dish cooked with broth, white wine, onions, and Parmesan cheese.','Dinner','45 minutes',4,'Rice','Main Course'),
('Italian Tiramisu','Cooking','Italian',3,'A classic Italian dessert made with layers of coffee-soaked ladyfingers and mascarpone cream.','Dessert','6 hours',8,'Coffee','Snack'),
('Mexican Chicken Enchiladas','Cooking','Mexican',3,'Corn tortillas filled with shredded chicken, topped with enchilada sauce and cheese.','Dinner','1 hour',4,'Chicken','Main Course'),
('Mexican Chicken Fajitas','Cooking','Mexican',2,'Grilled chicken strips served with sauteed onions and bell peppers, wrapped in warm tortillas.','Dinner','30 minutes',4,'Chicken','Main Course'),
('Mexican Churros','Desserts','Mexican',3,'Crispy fried dough pastry dusted with cinnamon sugar, usually served with chocolate dipping sauce.','Dessert','45 minutes',12,'Flour','Snack'),
('Mexican Guacamole','Dip','Mexican',1,'A classic Mexican dip made with ripe avocados, onions, tomatoes, lime juice, and cilantro.','Appetizer','15 minutes',4,'Avocado','Appetizer'),
('Mexican Mexican Rice','Cooking','Mexican',2,'Authentic Mexican rice cooked with tomatoes, onions, garlic, and spices.','Side Dish','45 minutes',6,'Rice','Side Dish'),
('Mexican Quesadillas','Cooking','Mexican',2,'Crispy tortillas filled with melted cheese and various fillings like chicken, beef, or vegetables.','Lunch','15 minutes',2,'Cheese','Main Course'),
('Mexican Salsa Verde','Dip','Mexican',1,'A tangy Mexican salsa made with roasted tomatillos, green chilies, onions, garlic, and cilantro.','Appetizer','30 minutes',4,'Tomatillos','Appetizer'),
('Mexican Tacos','Cooking','Mexican',2,'Soft or crispy corn or flour tortillas filled with various meats, vegetables, cheese, and salsa.','Lunch','30 minutes',4,'Beef','Main Course'),
('Mexican Tamales','Cooking','Mexican',4,'Steamed corn dough filled with savory or sweet fillings, wrapped in corn husks, and cooked until tender.','Dinner','3 hours',10,'Corn dough','Main Course'),
('Norwegian Krumkake','Pastries','Norwegian',3,'Norwegian waffle cookies made with a thin batter cooked on a special iron, then rolled into cones or cylinders while still warm.','Snack','2 hours',20,'Flour','Snack'),
('Norwegian Lefse','Pastries','Norwegian',3,'Traditional Norwegian flatbread made with potatoes, flour, butter, and cream, usually served rolled up with butter, sugar, and cinnamon.','Snack','1.5 hours',10,'Potatoes','Snack'),
('Norwegian Salmon Gravlax','Cooking','Norwegian',2,'Norwegian cured salmon marinated with a mixture of salt, sugar, and dill, served thinly sliced as an appetizer or on sandwiches.','Appetizer','24 hours',8,'Salmon','Appetizer'),
('Russian Beef Stroganoff','Cooking','Russian',3,'Tender strips of beef cooked in a creamy sauce with mushrooms, onions, and sour cream, served over egg noodles or rice.','Main Dish','1 hour',4,'Beef','Main Course'),
('Russian Blini','Pastries','Russian',2,'Thin Russian pancakes made with yeast batter and served with sour cream, jam, or caviar.','Breakfast','1 hour',8,'Flour','Snack'),
('Russian Olivier Salad','Cooking','Russian',2,'A classic Russian salad made with boiled potatoes, carrots, peas, pickles, eggs, and bologna, dressed in mayonnaise.','Salad','1 hour',6,'Potatoes','Appetizer'),
('Russian Pelmeni','Cooking','Russian',3,'Russian dumplings filled with minced meat, usually beef or pork, wrapped in thin dough and served with sour cream or vinegar.','Main Dish','1.5 hours',4,'Minced meat','Main Course'),
('Russian Syrniki','Pastries','Russian',2,'Russian cheese pancakes made with quark or cottage cheese, eggs, flour, and sugar, usually served with sour cream or jam.','Breakfast','30 minutes',4,'Quark cheese','Snack'),
('Swedish Cinnamon Buns (Kanelbullar)','Pastries','Swedish',3,'Soft and fluffy Swedish buns flavored with cinnamon and cardamom, often topped with pearl sugar and served with coffee.','Snack','3 hours',12,'Flour','Snack'),
('Swedish Meatballs (Kttbullar)','Cooking','Swedish',3,'Small, seasoned meatballs made with a mixture of ground beef and pork, usually served with lingonberry sauce and mashed potatoes.','Main Dish','1.5 hours',6,'Ground meat','Main Course'),
('Thai Green Curry with Chicken','Cooking','Thai',3,'A fragrant Thai curry made with green curry paste, coconut milk, chicken, and mixed vegetables.','Dinner','45 minutes',4,'Chicken','Main Course'),
('Thai Green Curry with Vegetables','Cooking','Thai',3,'A fragrant Thai curry made with green curry paste, coconut milk, and mixed vegetables.','Dinner','45 minutes',4,'Coconut milk','Main Course'),
('Thai Green Papaya Salad','Cooking','Thai',2,'A refreshing Thai salad made with shredded green papaya, tomatoes, green beans, peanuts, and chili peppers.','Appetizer','30 minutes',4,'Papaya','Appetizer'),
('Thai Mango Sticky Rice','Desserts','Thai',2,'A traditional Thai dessert made with sweet sticky rice, ripe mangoes, and coconut milk.','Dessert','1 hour',4,'Sticky rice','Snack'),
('Thai Pad See Ew','Cooking','Thai',3,'A Thai stir-fried noodle dish with wide rice noodles, broccoli, eggs, and soy sauce.','Dinner','30 minutes',4,'Noodles','Main Course'),
('Thai Pad Thai','Cooking','Thai',3,'A popular Thai stir-fried noodle dish with tofu, shrimp, or chicken, topped with peanuts and lime.','Dinner','30 minutes',4,'Tofu','Main Course'),
('Thai Pineapple Fried Rice','Cooking','Thai',2,'A flavorful Thai fried rice dish made with pineapple, shrimp, vegetables, and cashews.','Dinner','30 minutes',4,'Shrimp','Main Course'),
('Thai Red Curry with Chicken','Cooking','Thai',3,'A spicy Thai curry made with red curry paste, coconut milk, chicken, and mixed vegetables.','Dinner','45 minutes',4,'Chicken','Main Course'),
('Thai Thai Green Papaya Salad','Cooking','Thai',2,'A refreshing Thai salad made with shredded green papaya, tomatoes, green beans, peanuts, and chili peppers.','Appetizer','30 minutes',4,'Papaya','Appetizer'),
('Thai Tom Yum Soup','Cooking','Thai',3,'A spicy and sour Thai soup made with shrimp, mushrooms, lemongrass, galangal, and lime leaves.','Appetizer','45 minutes',4,'Shrimp','Appetizer'),
('Turkish Dolma','Cooking','Turkish',3,'Grape leaves stuffed with a mixture of rice, onions, pine nuts, and herbs, served as an appetizer or main dish.','Appetizer','1.5 hours',6,'Rice','Appetizer'),
('Turkish Kebabs','Cooking','Turkish',3,'Grilled skewers of marinated meat, usually lamb, beef, or chicken, served with rice or bread and yogurt sauce.','Dinner','1 hour',4,'Lamb','Main Course');
/*!40000 ALTER TABLE `recipes` ENABLE KEYS */;
UNLOCK TABLES;

--
-- Table structure for table `tags`
--

DROP TABLE IF EXISTS `tags`;
/*!40101 SET @saved_cs_client     = @@character_set_client */;
/*!40101 SET character_set_client = utf8 */;
CREATE TABLE `tags` (
  `recipe` varchar(50) NOT NULL,
  `tag` varchar(50) NOT NULL,
  PRIMARY KEY (`recipe`,`tag`) USING BTREE,
  CONSTRAINT `tags_recipes_FK` FOREIGN KEY (`recipe`) REFERENCES `recipes` (`name`)
) ENGINE=InnoDB DEFAULT CHARSET=latin1 COLLATE=latin1_swedish_ci;
/*!40101 SET character_set_client = @saved_cs_client */;

--
-- Dumping data for table `tags`
--

LOCK TABLES `tags` WRITE;
/*!40000 ALTER TABLE `tags` DISABLE KEYS */;
INSERT INTO `tags` VALUES
('American Apple Pie','Dessert'),
('American Apple Pie','Holiday Dessert'),
('American Apple Pie','Traditional American'),
('American BBQ Ribs','Dinner'),
('American BBQ Ribs','Grilled Meat'),
('American BBQ Ribs','Summer Meal'),
('American Buffalo Wings','Appetizer'),
('American Buffalo Wings','Game Day Food'),
('American Buffalo Wings','Spicy'),
('American Macaroni and Cheese','American'),
('American Macaroni and Cheese','Comfort Food'),
('American Macaroni and Cheese','Dinner'),
('American New York Cheesecake','Dessert'),
('American New York Cheesecake','Special Occasion'),
('American New York Cheesecake','Sweet Treat'),
('Bulgarian Banitsa','Breakfast'),
('Bulgarian Banitsa','Brunch'),
('Bulgarian Banitsa','Pastry'),
('Bulgarian Shopska Salad','Bulgarian'),
('Bulgarian Shopska Salad','Healthy Meal'),
('Bulgarian Shopska Salad','Salad'),
('Canadian Butter Tarts','Canadian'),
('Canadian Butter Tarts','Dessert'),
('Canadian Butter Tarts','Sweet Treat'),
('Canadian Nanaimo Bars','Canadian'),
('Canadian Nanaimo Bars','Dessert'),
('Canadian Nanaimo Bars','Sweet Treat'),
('Canadian Poutine','Canadian'),
('Canadian Poutine','Comfort Food'),
('Canadian Poutine','Main Course'),
('Chinese Beef and Broccoli Stir-Fry','Dinner'),
('Chinese Beef and Broccoli Stir-Fry','Quick Dinner'),
('Chinese Beef and Broccoli Stir-Fry','Stir Fry'),
('Chinese Chow Mein','Dinner'),
('Chinese Chow Mein','Stir Fry'),
('Chinese Chow Mein','Takeout Inspired'),
('Chinese Dumplings (Jiaozi)','Appetizer'),
('Chinese Dumplings (Jiaozi)','Dim Sum'),
('Chinese Dumplings (Jiaozi)','Main Course'),
('Chinese Egg Drop Soup','Appetizer'),
('Chinese Egg Drop Soup','Quick Meal'),
('Chinese Egg Drop Soup','Soup'),
('Chinese Egg Rolls','Appetizer'),
('Chinese Egg Rolls','Fried Food'),
('Chinese Egg Rolls','Takeout Inspired'),
('Chinese Hot and Sour Soup','Appetizer'),
('Chinese Hot and Sour Soup','Comfort Food'),
('Chinese Hot and Sour Soup','Soup'),
('Chinese Kung Pao Chicken','Dinner'),
('Chinese Kung Pao Chicken','Quick Dinner'),
('Chinese Kung Pao Chicken','Spicy'),
('Chinese Sweet and Sour Pork','Dinner'),
('Chinese Sweet and Sour Pork','Family Meal'),
('Chinese Sweet and Sour Pork','Takeout Inspired'),
('Danish Smrrebrd','Danish'),
('Danish Smrrebrd','Lunch'),
('Danish Smrrebrd','Open Sandwich'),
('Danish bleskiver','Breakfast'),
('Danish bleskiver','Danish'),
('Danish bleskiver','Dessert'),
('Finnish Karelian Pasties (Karjalanpiirakat)','Appetizer'),
('Finnish Karelian Pasties (Karjalanpiirakat)','Finnish'),
('Finnish Karelian Pasties (Karjalanpiirakat)','Snack'),
('Finnish Salmon Soup (Lohikeitto)','Finnish'),
('Finnish Salmon Soup (Lohikeitto)','Seafood'),
('Finnish Salmon Soup (Lohikeitto)','Soup'),
('French Beef Bourguignon','Comfort Food'),
('French Beef Bourguignon','Dinner'),
('French Beef Bourguignon','Slow Cooked'),
('French Coq au Vin','Comfort Food'),
('French Coq au Vin','Dinner'),
('French Coq au Vin','Slow Cooked'),
('French Crepes','Breakfast'),
('French Crepes','Brunch'),
('French Crepes','Dessert'),
('French Croque Monsieur','Comfort Food'),
('French Croque Monsieur','Lunch'),
('French Croque Monsieur','Sandwich'),
('French French Onion Soup','Appetizer'),
('French French Onion Soup','Comfort Food'),
('French French Onion Soup','Soup'),
('French Macarons','Dessert'),
('French Macarons','Gift Idea'),
('French Macarons','Special Occasion'),
('French Onion Soup','Appetizer'),
('French Onion Soup','Comfort Food'),
('French Onion Soup','Lunch'),
('French Quiche Lorraine','Brunch'),
('French Quiche Lorraine','Lunch'),
('French Quiche Lorraine','Picnic Food'),
('German Apple Strudel (Apfelstrudel)','Dessert'),
('German Apple Strudel (Apfelstrudel)','German'),
('German Apple Strudel (Apfelstrudel)','Pastry'),
('German Black Forest(Schwarzwlder Kirschtorte)','Cake'),
('German Black Forest(Schwarzwlder Kirschtorte)','Dessert'),
('German Black Forest(Schwarzwlder Kirschtorte)','German'),
('German Bratwurst','Dinner'),
('German Bratwurst','German'),
('German Bratwurst','Sausage'),
('German Goulash Soup','Comfort Food'),
('German Goulash Soup','German'),
('German Goulash Soup','Soup'),
('German Potato Pancakes (Kartoffelpuffer)','German'),
('German Potato Pancakes (Kartoffelpuffer)','Potato Dish'),
('German Potato Pancakes (Kartoffelpuffer)','Side Dish'),
('German Pretzels (Brezeln)','Baked Good'),
('German Pretzels (Brezeln)','German'),
('German Pretzels (Brezeln)','Snack'),
('German Red Cabbage (Rotkohl)','German'),
('German Red Cabbage (Rotkohl)','Side Dish'),
('German Red Cabbage (Rotkohl)','Vegetable Dish'),
('German Sauerbraten','Dinner'),
('German Sauerbraten','German'),
('German Sauerbraten','Pot Roast'),
('German Sauerkraut','Fermented Food'),
('German Sauerkraut','German'),
('German Sauerkraut','Side Dish'),
('German Schnitzel','Breaded Meat'),
('German Schnitzel','Dinner'),
('German Schnitzel','German'),
('Greek Baklava','Dessert'),
('Greek Baklava','Holiday Dessert'),
('Greek Baklava','Sweet Treat'),
('Greek Greek Moussaka','Comfort Food'),
('Greek Greek Moussaka','Dinner'),
('Greek Greek Moussaka','Special Occasion'),
('Greek Greek Salad','Healthy Meal'),
('Greek Greek Salad','Mediterranean'),
('Greek Greek Salad','Salad'),
('Greek Gyros','Dinner'),
('Greek Gyros','Mediterranean'),
('Greek Gyros','Street Food'),
('Greek Moussaka','Comfort Food'),
('Greek Moussaka','Dinner'),
('Greek Moussaka','Special Occasion'),
('Greek Souvlaki','Dinner'),
('Greek Souvlaki','Grilled Meat'),
('Greek Souvlaki','Summer Meal'),
('Greek Spanakopita','Appetizer'),
('Greek Spanakopita','Brunch'),
('Greek Spanakopita','Party Snack'),
('Greek Tzatziki Sauce','Condiment'),
('Greek Tzatziki Sauce','Dip'),
('Greek Tzatziki Sauce','Gyros Topping'),
('Icelandic Skyr Cake (Skyrterta)','Dessert'),
('Icelandic Skyr Cake (Skyrterta)','Icelandic'),
('Icelandic Skyr Cake (Skyrterta)','Sweet Treat'),
('Indian Butter Chicken (Murgh Makhani)','Dinner'),
('Indian Butter Chicken (Murgh Makhani)','Special Occasion'),
('Indian Butter Chicken (Murgh Makhani)','Weekend Dinner'),
('Indian Chicken Biryani','Main Course'),
('Indian Chicken Biryani','Rice Dish'),
('Indian Chicken Biryani','Special Occasion'),
('Indian Chicken Curry','Dinner'),
('Indian Chicken Curry','Spicy'),
('Indian Chicken Curry','Weeknight Dinner'),
('Indian Naan Bread','Curry Accompaniment'),
('Indian Naan Bread','Indian Bread'),
('Indian Naan Bread','Side Dish'),
('Indian Palak Paneer','Comfort Food'),
('Indian Palak Paneer','Main Course'),
('Indian Palak Paneer','Vegetarian'),
('Indian Samosas','Appetizer'),
('Indian Samosas','Snack'),
('Indian Samosas','Tea Time Treat'),
('Indian Vegetable Biryani','Main Course'),
('Indian Vegetable Biryani','Rice Dish'),
('Indian Vegetable Biryani','Vegetarian'),
('Indian Vegetable Pakora','Appetizer'),
('Indian Vegetable Pakora','Snack'),
('Indian Vegetable Pakora','Tea Time Treat'),
('Italian Cannoli','Dessert'),
('Italian Cannoli','Special Occasion'),
('Italian Cannoli','Sweet Treat'),
('Italian Caprese Pizza','Dinner'),
('Italian Caprese Pizza','Summer Meal'),
('Italian Caprese Pizza','Weeknight Dinner'),
('Italian Caprese Salad','Appetizer'),
('Italian Caprese Salad','Side Dish'),
('Italian Caprese Salad','Summer Salad'),
('Italian Fettuccine Alfredo','Creamy Pasta'),
('Italian Fettuccine Alfredo','Dinner'),
('Italian Fettuccine Alfredo','Weeknight Dinner'),
('Italian Italian Wedding Soup','Comfort Food'),
('Italian Italian Wedding Soup','Soup'),
('Italian Italian Wedding Soup','Weeknight Meal'),
('Italian Margherita Pizza','Dinner'),
('Italian Margherita Pizza','Family Dinner'),
('Italian Margherita Pizza','Quick Lunch'),
('Italian Minestrone Soup','Comfort Food'),
('Italian Minestrone Soup','Soup'),
('Italian Minestrone Soup','Vegetarian'),
('Italian Risotto','Comfort Food'),
('Italian Risotto','Date Night'),
('Italian Risotto','Dinner'),
('Italian Tiramisu','Dessert'),
('Italian Tiramisu','Special Occasion'),
('Italian Tiramisu','Sweet Treat'),
('Mexican Chicken Enchiladas','Dinner'),
('Mexican Chicken Enchiladas','Family Meal'),
('Mexican Chicken Enchiladas','Weeknight Dinner'),
('Mexican Chicken Fajitas','Dinner'),
('Mexican Chicken Fajitas','Fajita Night'),
('Mexican Chicken Fajitas','Weeknight Meal'),
('Mexican Churros','Dessert'),
('Mexican Churros','Street Food'),
('Mexican Churros','Sweet Treat'),
('Mexican Guacamole','Appetizer'),
('Mexican Guacamole','Game Day Snack'),
('Mexican Guacamole','Party Dip'),
('Mexican Mexican Rice','Family Meal'),
('Mexican Mexican Rice','Rice Dish'),
('Mexican Mexican Rice','Side Dish'),
('Mexican Quesadillas','Appetizer'),
('Mexican Quesadillas','Game Day Food'),
('Mexican Quesadillas','Snack'),
('Mexican Salsa Verde','Condiment'),
('Mexican Salsa Verde','Dip'),
('Mexican Salsa Verde','Taco Topping'),
('Mexican Tacos','Dinner'),
('Mexican Tacos','Taco Tuesday'),
('Mexican Tacos','Weeknight Meal'),
('Norwegian Krumkake','Dessert'),
('Norwegian Krumkake','Norwegian'),
('Norwegian Krumkake','Sweet Treat'),
('Norwegian Lefse','Flatbread'),
('Norwegian Lefse','Norwegian'),
('Norwegian Lefse','Snack'),
('Norwegian Salmon Gravlax','Appetizer'),
('Norwegian Salmon Gravlax','Norwegian'),
('Norwegian Salmon Gravlax','Seafood'),
('Russian Beef Stroganoff','Comfort Food'),
('Russian Beef Stroganoff','Dinner'),
('Russian Beef Stroganoff','Russian'),
('Russian Blini','Breakfast'),
('Russian Blini','Brunch'),
('Russian Blini','Russian'),
('Russian Olivier Salad','Party Salad'),
('Russian Olivier Salad','Russian'),
('Russian Olivier Salad','Salad'),
('Russian Pelmeni','Dumplings'),
('Russian Pelmeni','Main Course'),
('Russian Pelmeni','Russian'),
('Russian Syrniki','Breakfast'),
('Russian Syrniki','Dessert'),
('Russian Syrniki','Russian'),
('Swedish Cinnamon Buns (Kanelbullar)','Breakfast'),
('Swedish Cinnamon Buns (Kanelbullar)','Dessert'),
('Swedish Cinnamon Buns (Kanelbullar)','Swedish'),
('Swedish Meatballs (Kttbullar)','Comfort Food'),
('Swedish Meatballs (Kttbullar)','Dinner'),
('Swedish Meatballs (Kttbullar)','Swedish'),
('Thai Green Curry with Vegetables','Dinner'),
('Thai Green Curry with Vegetables','Spicy'),
('Thai Green Curry with Vegetables','Weekend Dinner'),
('Thai Green Papaya Salad','Appetizer'),
('Thai Green Papaya Salad','Spicy'),
('Thai Green Papaya Salad','Summer Salad'),
('Thai Mango Sticky Rice','Dessert'),
('Thai Mango Sticky Rice','Summer Dessert'),
('Thai Mango Sticky Rice','Sweet Treat'),
('Thai Pad See Ew','Comfort Food'),
('Thai Pad See Ew','Dinner'),
('Thai Pad See Ew','Stir Fry'),
('Thai Pad Thai','Dinner'),
('Thai Pad Thai','Quick Dinner'),
('Thai Pad Thai','Street Food'),
('Thai Pineapple Fried Rice','Asian Fusion'),
('Thai Pineapple Fried Rice','Dinner'),
('Thai Pineapple Fried Rice','Quick Dinner'),
('Thai Red Curry with Chicken','Dinner'),
('Thai Red Curry with Chicken','Spicy'),
('Thai Red Curry with Chicken','Weeknight Meal'),
('Thai Thai Green Papaya Salad','Appetizer'),
('Thai Thai Green Papaya Salad','Spicy'),
('Thai Thai Green Papaya Salad','Summer Salad'),
('Thai Tom Yum Soup','Appetizer'),
('Thai Tom Yum Soup','Comfort Food'),
('Thai Tom Yum Soup','Spicy'),
('Turkish Dolma','Appetizer'),
('Turkish Dolma','Stuffed Dish'),
('Turkish Dolma','Vegetarian'),
('Turkish Kebabs','Dinner'),
('Turkish Kebabs','Grilled Meat'),
('Turkish Kebabs','Middle Eastern');
/*!40000 ALTER TABLE `tags` ENABLE KEYS */;
UNLOCK TABLES;

--
-- Table structure for table `thematic_sections`
--

DROP TABLE IF EXISTS `thematic_sections`;
/*!40101 SET @saved_cs_client     = @@character_set_client */;
/*!40101 SET character_set_client = utf8 */;
CREATE TABLE `thematic_sections` (
  `name` varchar(25) NOT NULL,
  `description` varchar(100) NOT NULL,
  PRIMARY KEY (`name`),
  UNIQUE KEY `description` (`description`)
) ENGINE=InnoDB DEFAULT CHARSET=latin1 COLLATE=latin1_swedish_ci;
/*!40101 SET character_set_client = @saved_cs_client */;

--
-- Dumping data for table `thematic_sections`
--

LOCK TABLES `thematic_sections` WRITE;
/*!40000 ALTER TABLE `thematic_sections` DISABLE KEYS */;
INSERT INTO `thematic_sections` VALUES
('Baking Bonanza','Celebrate the art of baking with sweet and savory treats.'),
('Street Food Fest','Experience the vibrant and bold flavors of street food from various cultures.'),
('Sweet & Savory Pairings','Explore the harmony of sweet and savory flavors in complementary dishes.'),
('Healthy Eating','Focus on nutritious recipes that promote wellness and balance.'),
('Vegetarian Delights','Highlighting the versatility and creativity of vegetarian cooking.'),
('Dessert Extravaganza','Indulge your sweet tooth with an array of decadent desserts and treats.'),
('Culinary Classics','Pay homage to timeless recipes that have stood the test of time.'),
('Comfort Food Classics','Rediscover traditional comfort foods that warm the soul and bring back memories.'),
('Plant-Based Power','Showcase the versatility of plant-based ingredients in delicious dishes.');
/*!40000 ALTER TABLE `thematic_sections` ENABLE KEYS */;
UNLOCK TABLES;

--
-- Table structure for table `thematic_sections_of_recipes`
--

DROP TABLE IF EXISTS `thematic_sections_of_recipes`;
/*!40101 SET @saved_cs_client     = @@character_set_client */;
/*!40101 SET character_set_client = utf8 */;
CREATE TABLE `thematic_sections_of_recipes` (
  `recipe` varchar(50) NOT NULL,
  `thematic_section` varchar(25) NOT NULL,
  PRIMARY KEY (`recipe`,`thematic_section`),
  KEY `thematic_sections_of_recipes_thematic_sections_FK` (`thematic_section`),
  CONSTRAINT `thematic_sections_of_recipes_recipes_FK` FOREIGN KEY (`recipe`) REFERENCES `recipes` (`name`) ON DELETE CASCADE ON UPDATE CASCADE,
  CONSTRAINT `thematic_sections_of_recipes_thematic_sections_FK` FOREIGN KEY (`thematic_section`) REFERENCES `thematic_sections` (`name`) ON DELETE CASCADE ON UPDATE CASCADE
) ENGINE=InnoDB DEFAULT CHARSET=latin1 COLLATE=latin1_swedish_ci;
/*!40101 SET character_set_client = @saved_cs_client */;

--
-- Dumping data for table `thematic_sections_of_recipes`
--

LOCK TABLES `thematic_sections_of_recipes` WRITE;
/*!40000 ALTER TABLE `thematic_sections_of_recipes` DISABLE KEYS */;
INSERT INTO `thematic_sections_of_recipes` VALUES
('American Apple Pie','Baking Bonanza'),
('Italian Caprese Pizza','Baking Bonanza'),
('American BBQ Ribs','Comfort Food Classics'),
('American Macaroni and Cheese','Comfort Food Classics'),
('Canadian Poutine','Comfort Food Classics'),
('Chinese Sweet and Sour Pork','Comfort Food Classics'),
('French Coq au Vin','Comfort Food Classics'),
('French Croque Monsieur','Comfort Food Classics'),
('French French Onion Soup','Comfort Food Classics'),
('French Onion Soup','Comfort Food Classics'),
('German Goulash Soup','Comfort Food Classics'),
('German Potato Pancakes (Kartoffelpuffer)','Comfort Food Classics'),
('German Red Cabbage (Rotkohl)','Comfort Food Classics'),
('German Sauerkraut','Comfort Food Classics'),
('German Schnitzel','Comfort Food Classics'),
('Greek Greek Moussaka','Comfort Food Classics'),
('Greek Moussaka','Comfort Food Classics'),
('Indian Butter Chicken (Murgh Makhani)','Comfort Food Classics'),
('Indian Chicken Curry','Comfort Food Classics'),
('Indian Chicken Tikka Masala','Comfort Food Classics'),
('Italian Fettuccine Alfredo','Comfort Food Classics'),
('Italian Lasagna','Comfort Food Classics'),
('Italian Risotto','Comfort Food Classics'),
('Mexican Chicken Enchiladas','Comfort Food Classics'),
('Mexican Mexican Rice','Comfort Food Classics'),
('Mexican Tamales','Comfort Food Classics'),
('Norwegian Lefse','Comfort Food Classics'),
('Russian Beef Stroganoff','Comfort Food Classics'),
('Russian Pelmeni','Comfort Food Classics'),
('Swedish Meatballs (Kttbullar)','Comfort Food Classics'),
('American Macaroni and Cheese','Culinary Classics'),
('Bulgarian Banitsa','Culinary Classics'),
('Chinese Peking Duck','Culinary Classics'),
('French Beef Bourguignon','Culinary Classics'),
('French Quiche Lorraine','Culinary Classics'),
('German Sauerbraten','Culinary Classics'),
('Greek Moussaka','Culinary Classics'),
('Greek Souvlaki','Culinary Classics'),
('American Apple Pie','Dessert Extravaganza'),
('American New York Cheesecake','Dessert Extravaganza'),
('Canadian Butter Tarts','Dessert Extravaganza'),
('Canadian Nanaimo Bars','Dessert Extravaganza'),
('Danish bleskiver','Dessert Extravaganza'),
('French Croissants','Dessert Extravaganza'),
('French Macarons','Dessert Extravaganza'),
('German Apple Strudel (Apfelstrudel)','Dessert Extravaganza'),
('German Black Forest(Schwarzwlder Kirschtorte)','Dessert Extravaganza'),
('Greek Baklava','Dessert Extravaganza'),
('Icelandic Skyr Cake (Skyrterta)','Dessert Extravaganza'),
('Italian Cannoli','Dessert Extravaganza'),
('Italian Tiramisu','Dessert Extravaganza'),
('Mexican Churros','Dessert Extravaganza'),
('Norwegian Krumkake','Dessert Extravaganza'),
('Russian Syrniki','Dessert Extravaganza'),
('Swedish Cinnamon Buns (Kanelbullar)','Dessert Extravaganza'),
('Thai Mango Sticky Rice','Dessert Extravaganza'),
('Chinese Beef and Broccoli Stir-Fry','Healthy Eating'),
('Chinese Egg Drop Soup','Healthy Eating'),
('Chinese Hot and Sour Soup','Healthy Eating'),
('Chinese Kung Pao Chicken','Healthy Eating'),
('Finnish Salmon Soup (Lohikeitto)','Healthy Eating'),
('Indian Vegetable Biryani','Healthy Eating'),
('Indian Vegetable Pakora','Healthy Eating'),
('Italian Italian Wedding Soup','Healthy Eating'),
('Italian Minestrone Soup','Healthy Eating'),
('Norwegian Salmon Gravlax','Healthy Eating'),
('Thai Green Curry with Chicken','Healthy Eating'),
('Thai Green Curry with Vegetables','Healthy Eating'),
('Thai Red Curry with Chicken','Healthy Eating'),
('Thai Tom Yum Soup','Healthy Eating'),
('Turkish Dolma','Healthy Eating'),
('American Buffalo Wings','Street Food Fest'),
('Chinese Chow Mein','Street Food Fest'),
('Chinese Dumplings (Jiaozi)','Street Food Fest'),
('Chinese Egg Rolls','Street Food Fest'),
('Chinese Fried Rice','Street Food Fest'),
('Danish Smrrebrd','Street Food Fest'),
('French Crepes','Street Food Fest'),
('German Bratwurst','Street Food Fest'),
('German Pretzels (Brezeln)','Street Food Fest'),
('Greek Gyros','Street Food Fest'),
('Greek Souvlaki','Street Food Fest'),
('Indian Chicken Biryani','Street Food Fest'),
('Indian Naan Bread','Street Food Fest'),
('Indian Samosas','Street Food Fest'),
('Italian Caprese Pizza','Street Food Fest'),
('Italian Margherita Pizza','Street Food Fest'),
('Mexican Chicken Fajitas','Street Food Fest'),
('Mexican Quesadillas','Street Food Fest'),
('Mexican Tacos','Street Food Fest'),
('Russian Blini','Street Food Fest'),
('Thai Pad See Ew','Street Food Fest'),
('Thai Pad Thai','Street Food Fest'),
('Thai Pineapple Fried Rice','Street Food Fest'),
('Turkish Kebabs','Street Food Fest'),
('Canadian Nanaimo Bars','Sweet & Savory Pairings'),
('Swedish Cinnamon Buns (Kanelbullar)','Sweet & Savory Pairings'),
('Bulgarian Shopska Salad','Vegetarian Delights'),
('Finnish Karelian Pasties (Karjalanpiirakat)','Vegetarian Delights'),
('Greek Greek Salad','Vegetarian Delights'),
('Greek Spanakopita','Vegetarian Delights'),
('Greek Tzatziki Sauce','Vegetarian Delights'),
('Indian Palak Paneer','Vegetarian Delights'),
('Indian Vegetable Biryani','Vegetarian Delights'),
('Indian Vegetable Pakora','Vegetarian Delights'),
('Italian Caprese Salad','Vegetarian Delights'),
('Mexican Guacamole','Vegetarian Delights'),
('Mexican Salsa Verde','Vegetarian Delights'),
('Russian Olivier Salad','Vegetarian Delights'),
('Thai Green Papaya Salad','Vegetarian Delights'),
('Thai Thai Green Papaya Salad','Vegetarian Delights'),
('Turkish Dolma','Vegetarian Delights');
/*!40000 ALTER TABLE `thematic_sections_of_recipes` ENABLE KEYS */;
UNLOCK TABLES;

--
-- Table structure for table `tips`
--

DROP TABLE IF EXISTS `tips`;
/*!40101 SET @saved_cs_client     = @@character_set_client */;
/*!40101 SET character_set_client = utf8 */;
CREATE TABLE `tips` (
  `recipe` varchar(50) NOT NULL,
  `tip` varchar(200) NOT NULL,
  PRIMARY KEY (`recipe`,`tip`) USING BTREE,
  CONSTRAINT `FK__recipe` FOREIGN KEY (`recipe`) REFERENCES `recipes` (`name`) ON DELETE CASCADE ON UPDATE NO ACTION
) ENGINE=InnoDB DEFAULT CHARSET=latin1 COLLATE=latin1_swedish_ci;
/*!40101 SET character_set_client = @saved_cs_client */;

--
-- Dumping data for table `tips`
--

LOCK TABLES `tips` WRITE;
/*!40000 ALTER TABLE `tips` DISABLE KEYS */;
INSERT INTO `tips` VALUES
('American Apple Pie','1. Toss sliced apples with sugar, cinnamon, and lemon juice for a sweet and spicy filling.'),
('American Apple Pie','2. Top pie with a lattice crust made from flaky pastry dough and bake until golden brown.'),
('American Buffalo Wings','1. Fry chicken wings until crispy and toss with a spicy buffalo sauce made from hot sauce and butter.'),
('American Buffalo Wings','2. Serve buffalo wings with celery sticks and blue cheese dressing for dipping.'),
('American Macaroni and Cheese','1. Cook macaroni until al dente and toss with a creamy cheese sauce made from cheddar and milk.'),
('American Macaroni and Cheese','2. Top macaroni and cheese with breadcrumbs and bake until golden and bubbly for a crispy crust.'),
('American New York Cheesecake','1. Mix cream cheese with sugar, eggs, and vanilla extract for a rich and creamy filling.'),
('American New York Cheesecake','2. Bake cheesecake in a water bath until set and chill overnight for the best texture.'),
('Bulgarian Banitsa','1. Layer phyllo pastry sheets with a mixture of eggs, yogurt, and feta cheese for a savory pie.'),
('Bulgarian Banitsa','2. Bake banitsa until golden and crispy and serve warm for breakfast or brunch.'),
('Bulgarian Shopska Salad','1. Toss diced tomatoes, cucumbers, onions, and peppers with crumbled feta cheese and olive oil.'),
('Bulgarian Shopska Salad','2. Season salad with dried oregano and red wine vinegar for a refreshing flavor.'),
('Canadian Nanaimo Bars','1. Press graham cracker crumbs, coconut, and nuts into a pan for the bottom layer.'),
('Canadian Nanaimo Bars','2. Layer custard-flavored butter icing and melted chocolate for a sweet and decadent treat.'),
('Canadian Poutine','1. Fry French fries until crispy and top with cheese curds and hot gravy for a comforting dish.'),
('Canadian Poutine','2. Serve poutine immediately while hot for the best texture and flavor.'),
('Chinese Beef and Broccoli Stir-Fry','1. Slice beef thinly against the grain for tender bites.'),
('Chinese Beef and Broccoli Stir-Fry','2. Stir-fry broccoli until crisp-tender for a vibrant green color.'),
('Chinese Chow Mein','1. Stir-fry noodles with sliced vegetables and protein like chicken or shrimp for a balanced meal.'),
('Chinese Chow Mein','2. Toss chow mein with soy sauce and oyster sauce for a savory umami flavor.'),
('Chinese Dumplings (Jiaozi)','1. Fill dumplings with a mixture of ground meat and vegetables and pleat the edges for a decorative touch.'),
('Chinese Dumplings (Jiaozi)','2. Boil dumplings until they float to the surface and serve with soy sauce and vinegar for dipping.'),
('Chinese Egg Drop Soup','1. Slowly pour beaten eggs into simmering broth for delicate egg ribbons.'),
('Chinese Egg Drop Soup','2. Season soup with soy sauce and sesame oil for savory depth of flavor.'),
('Chinese Egg Rolls','1. Fill egg roll wrappers with a mixture of shredded cabbage, carrots, and cooked ground pork.'),
('Chinese Egg Rolls','2. Roll egg rolls tightly and seal with a cornstarch slurry before frying until golden brown.'),
('Chinese Fried Rice','1. Use day-old rice for the best texture and separate the grains before stir-frying.'),
('Chinese Fried Rice','2. Add diced vegetables, scrambled eggs, and soy sauce for flavor.'),
('Chinese Hot and Sour Soup','1. Use a combination of white pepper and rice vinegar for the perfect balance of heat and tanginess.'),
('Chinese Hot and Sour Soup','2. Add tofu, mushrooms, and bamboo shoots for texture and flavor.'),
('Chinese Kung Pao Chicken','1. Stir-fry chicken with peanuts, dried chilies, and Sichuan peppercorns for a spicy kick.'),
('Chinese Kung Pao Chicken','2. Finish with a drizzle of sesame oil and sliced scallions for freshness.'),
('Chinese Peking Duck','1. Air-dry duck overnight to achieve crispy skin during roasting.'),
('Chinese Peking Duck','2. Serve duck with thin pancakes, hoisin sauce, and sliced scallions for wrapping.'),
('Chinese Sweet and Sour Pork','1. Marinate pork pieces in a mixture of soy sauce, ginger, and garlic for added flavor.'),
('Chinese Sweet and Sour Pork','2. Coat pork in a light batter before deep-frying until crispy and golden brown.'),
('Finnish Karelian Pasties (Karjalanpiirakat)','1. Roll out rye dough into thin circles and fill with a mixture of rice porridge and butter.'),
('Finnish Karelian Pasties (Karjalanpiirakat)','2. Bake pasties until golden and brush with melted butter for a shiny finish.'),
('French Beef Bourguignon','1. Sear beef cubes until golden brown for a rich flavor base.'),
('French Beef Bourguignon','2. Simmer beef in red wine, beef broth, and herbs until tender and flavorful.'),
('French Coq au Vin','1. Marinate chicken in red wine, onions, and herbs overnight for maximum flavor.'),
('French Coq au Vin','2. Braise chicken until tender and serve with crusty bread for soaking up the sauce.'),
('French Croissants','1. Laminate dough with layers of butter for flaky croissants.'),
('French Croissants','2. Proof croissants overnight in the refrigerator for maximum flavor and rise.'),
('French Croque Monsieur','1. Layer slices of ham and cheese between buttered bread for a classic sandwich.'),
('French Croque Monsieur','2. Top sandwiches with bchamel sauce and grated cheese before broiling for a melty finish.'),
('French French Onion Soup','1. Caramelize onions slowly for a rich flavor.'),
('French French Onion Soup','2. Use beef broth for a hearty base.'),
('French Macarons','1. Sift almond flour and powdered sugar for a smooth macaron shell.'),
('French Macarons','2. Pipe macaron batter into even rounds and let dry before baking for a delicate shell.'),
('French Onion Soup','1. Caramelize onions slowly for a rich flavor.'),
('French Onion Soup','2. Use beef broth for a hearty base.'),
('French Quiche Lorraine','1. Blind-bake the pastry crust before filling to prevent a soggy bottom.'),
('French Quiche Lorraine','2. Mix eggs with cream and cheese for a rich and custardy filling.'),
('German Apple Strudel (Apfelstrudel)','1. Stretch strudel dough thinly and fill with a mixture of apples, raisins, and spices for a sweet filling.'),
('German Apple Strudel (Apfelstrudel)','2. Roll strudel into a log and bake until golden and crisp, then dust with powdered sugar for serving.'),
('German Bratwurst','1. Grill bratwurst until browned and cooked through, turning occasionally for even cooking.'),
('German Bratwurst','2. Serve bratwurst in a crusty roll with mustard and sauerkraut for a classic German street food.'),
('German Goulash Soup','1. Sear beef cubes until browned and add onions, garlic, and paprika for a rich base.'),
('German Goulash Soup','2. Simmer goulash soup with potatoes and carrots until beef is tender and flavors meld together.'),
('German Potato Pancakes (Kartoffelpuffer)','1. Grate potatoes and onions and squeeze out excess moisture before frying for crispy pancakes.'),
('German Potato Pancakes (Kartoffelpuffer)','2. Serve potato pancakes with applesauce or sour cream for dipping.'),
('German Sauerkraut','1. Rinse sauerkraut under cold water to remove excess brine and drain well.'),
('German Sauerkraut','2. Cook sauerkraut with sliced onions, apples, and bacon until tender and caramelized.'),
('German Schnitzel','1. Pound veal or pork cutlets until thin and tenderize with a meat mallet for a schnitzel.'),
('German Schnitzel','2. Bread schnitzel in flour, egg, and breadcrumbs before frying until golden and crispy.'),
('Greek Baklava','1. Layer phyllo pastry sheets with a mixture of nuts and spices for a crunchy filling.'),
('Greek Baklava','2. Pour hot syrup over baked baklava for a sweet and sticky dessert.'),
('Greek Greek Moussaka','1. Layer eggplant slices with spiced meat sauce and creamy bchamel sauce for a comforting dish.'),
('Greek Greek Moussaka','2. Bake until golden and bubbly for a satisfying meal.'),
('Greek Greek Salad','1. Toss chopped cucumbers, tomatoes, onions, and olives with feta cheese and olive oil.'),
('Greek Greek Salad','2. Season salad with dried oregano and a squeeze of lemon juice for a refreshing flavor.'),
('Greek Gyros','1. Season ground meat with garlic, onion, and spices and shape into a loaf for roasting.'),
('Greek Gyros','2. Slice gyro meat thinly and serve in pita bread with lettuce, tomatoes, and tzatziki sauce.'),
('Greek Moussaka','1. Layer eggplant slices with spiced meat sauce and creamy bchamel sauce for a comforting meal.'),
('Greek Moussaka','2. Bake until golden and bubbly for a satisfying dish.'),
('Greek Souvlaki','1. Marinate skewers of meat in olive oil, lemon juice, and herbs for a Greek flavor.'),
('Greek Souvlaki','2. Grill souvlaki until charred and serve with pita bread and tzatziki sauce.'),
('Greek Spanakopita','1. Layer phyllo pastry sheets with a mixture of spinach and feta cheese for a savory pie.'),
('Greek Spanakopita','2. Brush phyllo pastry with melted butter for a crisp and golden crust.'),
('Greek Tzatziki Sauce','1. Grate cucumbers and squeeze out excess moisture before mixing with yogurt, garlic, and herbs.'),
('Greek Tzatziki Sauce','2. Season tzatziki sauce with lemon juice, salt, and pepper for a refreshing dip.'),
('Icelandic Skyr Cake (Skyrterta)','1. Mix skyr with whipped cream and sugar for a light and creamy filling.'),
('Icelandic Skyr Cake (Skyrterta)','2. Layer skyr filling between thin sponge cake layers and chill until set for a refreshing dessert.'),
('Indian Butter Chicken (Murgh Makhani)','1. Marinate the chicken in yogurt and spices for a tender texture.'),
('Indian Butter Chicken (Murgh Makhani)','2. Use cashew paste for a creamy sauce without adding cream.'),
('Indian Chicken Biryani','1. Layer cooked rice with spiced chicken and fried onions for a fragrant and flavorful dish.'),
('Indian Chicken Biryani','2. Seal the pot with a tight-fitting lid and cook over low heat for perfectly cooked rice.'),
('Indian Chicken Curry','1. Saut onions, garlic, and ginger until golden brown for a flavorful base.'),
('Indian Chicken Curry','2. Simmer chicken in a spiced tomato sauce until tender and cooked through.'),
('Indian Naan Bread','1. Knead dough until smooth and elastic before letting it rise for fluffy naan.'),
('Indian Naan Bread','2. Brush naan with melted butter and garlic for extra flavor.'),
('Indian Palak Paneer','1. Blanch spinach and blend with spices for a vibrant green sauce.'),
('Indian Palak Paneer','2. Add cubes of paneer cheese and simmer until tender.'),
('Indian Samosas','1. Fill pastry dough with a mixture of spiced potatoes and peas for a savory snack.'),
('Indian Samosas','2. Fry samosas until golden and crispy and serve with mint chutney for dipping.'),
('Indian Vegetable Biryani','1. Layer cooked rice with spiced vegetables and fried onions for a fragrant dish.'),
('Indian Vegetable Biryani','2. Seal the pot with a tight-fitting lid and cook over low heat for perfectly steamed rice.'),
('Indian Vegetable Pakora','1. Mix chickpea flour with spices and water to form a thick batter for frying.'),
('Indian Vegetable Pakora','2. Dip vegetables like potatoes, onions, and spinach into the batter and fry until golden brown.'),
('Italian Cannoli','1. Fry cannoli shells until golden and crispy and let cool before filling.'),
('Italian Cannoli','2. Fill cannoli shells with sweetened ricotta cheese and chocolate chips for a classic filling.'),
('Italian Caprese Pizza','1. Top pizza dough with sliced tomatoes, fresh mozzarella, and basil leaves for a simple and delicious pizza.'),
('Italian Caprese Pizza','2. Drizzle pizza with balsamic glaze before serving for added flavor.'),
('Italian Caprese Salad','1. Arrange slices of ripe tomatoes and fresh mozzarella on a platter.'),
('Italian Caprese Salad','2. Drizzle with extra virgin olive oil and balsamic glaze for a simple and elegant appetizer.'),
('Italian Fettuccine Alfredo','1. Toss freshly cooked fettuccine with butter and grated Parmesan cheese for a creamy sauce.'),
('Italian Fettuccine Alfredo','2. Add a splash of heavy cream for extra richness.'),
('Italian Italian Wedding Soup','1. Form small meatballs from ground beef and pork seasoned with garlic and parsley.'),
('Italian Italian Wedding Soup','2. Simmer meatballs in chicken broth with chopped vegetables and acini di pepe pasta.'),
('Italian Lasagna','1. Layer lasagna noodles with meat sauce, ricotta cheese, and mozzarella for a hearty dish.'),
('Italian Lasagna','2. Bake lasagna until bubbly and golden brown on top for a satisfying meal.'),
('Italian Margherita Pizza','1. Preheat your oven to the highest temperature possible for a crispy crust.'),
('Italian Margherita Pizza','2. Use fresh basil leaves for a burst of flavor.'),
('Italian Minestrone Soup','1. Use a variety of fresh vegetables like carrots, celery, and zucchini for a hearty soup.'),
('Italian Minestrone Soup','2. Add cooked pasta and kidney beans to the soup for added texture and protein.'),
('Italian Risotto','1. Toast Arborio rice in butter before adding liquid for added nutty flavor.'),
('Italian Risotto','2. Stir continuously and gradually add hot broth until rice is creamy and al dente.'),
('Italian Tiramisu','1. Dip ladyfinger biscuits in espresso and layer with mascarpone cheese mixture for a creamy dessert.'),
('Italian Tiramisu','2. Dust tiramisu with cocoa powder before chilling for at least 4 hours to set.'),
('Mexican Chicken Enchiladas','1. Roll shredded chicken in corn tortillas and top with enchilada sauce and cheese before baking.'),
('Mexican Chicken Enchiladas','2. Garnish enchiladas with chopped cilantro, diced onions, and a dollop of sour cream before serving.'),
('Mexican Chicken Fajitas','1. Marinate chicken strips in lime juice, garlic, and spices for maximum flavor.'),
('Mexican Chicken Fajitas','2. Saut chicken with bell peppers and onions until tender and caramelized.'),
('Mexican Churros','1. Pipe churro dough into hot oil and fry until golden brown and crispy.'),
('Mexican Churros','2. Roll fried churros in cinnamon sugar while still warm for a sweet and crunchy coating.'),
('Mexican Guacamole','1. Choose ripe avocados that yield to gentle pressure.'),
('Mexican Guacamole','2. Mash avocados with a fork for a chunky texture.'),
('Mexican Mexican Rice','1. Saut rice with onions, garlic, and tomato paste before adding chicken broth for extra flavor.'),
('Mexican Mexican Rice','2. Simmer rice until fluffy and garnish with chopped cilantro before serving.'),
('Mexican Quesadillas','1. Fill tortillas with cheese, cooked chicken or beef, and vegetables before grilling until cheese is melted.'),
('Mexican Quesadillas','2. Slice quesadillas into wedges and serve with salsa, guacamole, and sour cream for dipping.'),
('Mexican Salsa Verde','1. Roast tomatillos, jalapeos, and onions until charred for a smoky flavor.'),
('Mexican Salsa Verde','2. Blend roasted vegetables with cilantro, lime juice, and salt for a tangy salsa.'),
('Norwegian Krumkake','1. Heat a krumkake iron and cook batter until golden and crispy.'),
('Norwegian Krumkake','2. Roll krumkake into cones while still warm and fill with whipped cream for a sweet treat.'),
('Norwegian Salmon Gravlax','1. Cure salmon fillets with a mixture of salt, sugar, and dill for a few days for a silky texture.'),
('Norwegian Salmon Gravlax','2. Slice gravlax thinly and serve with mustard sauce and rye bread for an elegant appetizer.'),
('Russian Olivier Salad','1. Dice boiled potatoes, carrots, and eggs and toss with peas, pickles, and mayonnaise.'),
('Russian Olivier Salad','2. Season salad with salt and pepper and garnish with fresh dill for a classic Russian dish.'),
('Russian Syrniki','s cheese with eggs'),
('Thai Green Curry with Chicken','1. Use green curry paste and coconut milk for a creamy sauce.'),
('Thai Green Curry with Chicken','2. Add sliced chicken and vegetables like bell peppers and bamboo shoots for a hearty dish.'),
('Thai Green Curry with Vegetables','1. Use homemade green curry paste for authentic flavor.'),
('Thai Green Curry with Vegetables','2. Add Thai basil leaves for a fresh aroma.'),
('Thai Green Papaya Salad','1. Shred green papaya and toss with a tangy dressing made from lime juice, fish sauce, and chili peppers.'),
('Thai Green Papaya Salad','2. Garnish salad with crushed peanuts and fresh herbs like cilantro and mint for added flavor.'),
('Thai Mango Sticky Rice','1. Soak sticky rice in coconut milk and sugar before steaming for a sweet and creamy texture.'),
('Thai Mango Sticky Rice','2. Serve sticky rice with ripe mango slices and a drizzle of coconut sauce for a tropical dessert.'),
('Thai Pad See Ew','1. Stir-fry wide rice noodles with soy sauce, fish sauce, and dark soy sauce for a savory-sweet flavor.'),
('Thai Pad See Ew','2. Add sliced chicken or beef and Chinese broccoli for a complete meal.'),
('Thai Pad Thai','1. Stir-fry rice noodles with shrimp, tofu, or chicken and toss with tamarind sauce and peanuts.'),
('Thai Pad Thai','2. Garnish with bean sprouts, lime wedges, and cilantro for a burst of freshness.'),
('Thai Pineapple Fried Rice','1. Stir-fry cooked rice with pineapple chunks, shrimp, and cashews for a sweet and savory dish.'),
('Thai Pineapple Fried Rice','2. Season fried rice with fish sauce, soy sauce, and chili flakes for a spicy kick.'),
('Thai Red Curry with Chicken','1. Use red curry paste as a base and simmer with coconut milk for a creamy sauce.'),
('Thai Red Curry with Chicken','2. Add sliced chicken and vegetables like bell peppers and bamboo shoots for a hearty dish.'),
('Thai Thai Green Papaya Salad','1. Shred green papaya and toss with a tangy dressing made from lime juice, fish sauce, and chili peppers.'),
('Thai Thai Green Papaya Salad','2. Garnish salad with crushed peanuts and fresh herbs like cilantro and mint for added flavor.'),
('Thai Tom Yum Soup','1. Simmer lemongrass, kaffir lime leaves, and galangal in broth for aromatic flavor.'),
('Thai Tom Yum Soup','2. Add shrimp, mushrooms, and tomatoes and simmer until shrimp is pink and cooked through.'),
('Turkish Dolma','1. Fill grape leaves with a mixture of rice, pine nuts, and herbs for a flavorful stuffing.'),
('Turkish Dolma','2. Serve dolma with yogurt sauce and lemon wedges for a refreshing contrast.'),
('Turkish Kebabs','1. Marinate skewers of meat in yogurt, olive oil, and spices for a tender and flavorful dish.'),
('Turkish Kebabs','2. Grill kebabs until charred and serve with flatbread and yogurt sauce.');
/*!40000 ALTER TABLE `tips` ENABLE KEYS */;
UNLOCK TABLES;
/*!50003 SET @saved_cs_client      = @@character_set_client */ ;
/*!50003 SET @saved_cs_results     = @@character_set_results */ ;
/*!50003 SET @saved_col_connection = @@collation_connection */ ;
/*!50003 SET character_set_client  = utf8mb4 */ ;
/*!50003 SET character_set_results = utf8mb4 */ ;
/*!50003 SET collation_connection  = utf8mb4_general_ci */ ;
/*!50003 SET @saved_sql_mode       = @@sql_mode */ ;
/*!50003 SET sql_mode              = 'IGNORE_SPACE,STRICT_TRANS_TABLES,ERROR_FOR_DIVISION_BY_ZERO,NO_AUTO_CREATE_USER,NO_ENGINE_SUBSTITUTION' */ ;
DELIMITER ;;
/*!50003 CREATE*/ /*!50017 DEFINER=`root`@`localhost`*/ /*!50003 TRIGGER `tips_before_insert` BEFORE INSERT ON `tips` FOR EACH ROW BEGIN
    DECLARE tip_count INT;
    SELECT COUNT(*) INTO tip_count FROM tips  WHERE `recipe` = NEW.`recipe`;
    IF tip_count >= 3 THEN
        SIGNAL SQLSTATE '45000' SET MESSAGE_TEXT = 'Cannot insert more than 3 tips per recipe';
    END IF;
END */;;
DELIMITER ;
/*!50003 SET sql_mode              = @saved_sql_mode */ ;
/*!50003 SET character_set_client  = @saved_cs_client */ ;
/*!50003 SET character_set_results = @saved_cs_results */ ;
/*!50003 SET collation_connection  = @saved_col_connection */ ;

--
-- Final view structure for view `cook_x_national_cuisines`
--

/*!50001 DROP VIEW IF EXISTS `cook_x_national_cuisines`*/;
/*!50001 SET @saved_cs_client          = @@character_set_client */;
/*!50001 SET @saved_cs_results         = @@character_set_results */;
/*!50001 SET @saved_col_connection     = @@collation_connection */;
/*!50001 SET character_set_client      = utf8mb4 */;
/*!50001 SET character_set_results     = utf8mb4 */;
/*!50001 SET collation_connection      = utf8mb4_general_ci */;
/*!50001 CREATE ALGORITHM=UNDEFINED */
/*!50013 DEFINER=`root`@`localhost` SQL SECURITY DEFINER */
/*!50001 VIEW `cook_x_national_cuisines` AS select `cooks`.`contact_number` AS `contact_number`,`cooks`.`first_name` AS `first_name`,`cooks`.`last_name` AS `last_name`,`national_cuisines_specialization`.`national_cuisine` AS `national_cuisine` from (`national_cuisines_specialization` join `cooks` on(`cooks`.`contact_number` = `national_cuisines_specialization`.`cook_contact`)) */;
/*!50001 SET character_set_client      = @saved_cs_client */;
/*!50001 SET character_set_results     = @saved_cs_results */;
/*!50001 SET collation_connection      = @saved_col_connection */;
/*!40103 SET TIME_ZONE=@OLD_TIME_ZONE */;

/*!40101 SET SQL_MODE=@OLD_SQL_MODE */;
/*!40014 SET FOREIGN_KEY_CHECKS=@OLD_FOREIGN_KEY_CHECKS */;
/*!40014 SET UNIQUE_CHECKS=@OLD_UNIQUE_CHECKS */;
/*!40101 SET CHARACTER_SET_CLIENT=@OLD_CHARACTER_SET_CLIENT */;
/*!40101 SET CHARACTER_SET_RESULTS=@OLD_CHARACTER_SET_RESULTS */;
/*!40101 SET COLLATION_CONNECTION=@OLD_COLLATION_CONNECTION */;
/*!40111 SET SQL_NOTES=@OLD_SQL_NOTES */;

-- Dump completed on 2024-05-13 16:07:17
